"ptm","mean","mean.log1p","cv","cv.squared","Protein.Name","Peptide.Sequence","Precursor.Charge","Protein.Name.Readable","PTM.Name.Readable"
"H1-K25[me];K31[un]",0.361032632543711,0.308243700269259,0.156793728872234,0.0245842734136598,"H1.4","KSAGAAKR",2,"H1.4","H1K25me"
"H1-K25[un];K31[un]",0.396890781946131,0.334248896793473,0.141722229787097,0.0200851904158266,"H1.4","KSAGAAKR",2,"H1.4","H1"
"H1.2-K33[ac];K45[un];K51[un]",0.257242139277932,0.22892054373616,0.389687726294147,0.151856524024302,"H12","KASGPPVSELITKAVAASKER",3,"H12","H1.2K33ac"
"H1.2-K33[un];K45[un];K51[un]",0.490741834863643,0.399273871805772,0.18660212142219,0.0348203517192616,"H12","KASGPPVSELITKAVAASKER",3,"H12","H1.2"
"H1.5-K33[ac];K45[un];K51[un]",0.479513672149284,0.391713433876114,0.112080776746768,0.0125621005161589,"H1.5","KATGPPVSELITKAVAASKER",3,"H1.5","H1.5K33ac"
"H1.5-K33[un];K45[un];K51[un]",0.297876674609363,0.260729601910792,0.194686505962188,0.0379028356037649,"H1.5","KATGPPVSELITKAVAASKER",3,"H1.5","H1.5"
"H2A1A-K5[ac];K9[un]",0.08954314528316,0.0857584756126196,0.447167750111954,0.199958996740187,"H2A1A","GKQGGKAR",2,"H2A1A","H2A1AK5ac"
"H2A1A-K5[un];K9[un]",0.64435583135665,0.497348715644757,0.0376359415544814,0.00141646409669234,"H2A1A","GKQGGKAR",2,"H2A1A","H2A1A"
"H2A1B-K13[un];K15[ac]",0.365103585196404,0.311230312348453,0.0995608649959961,0.00991236583875095,"H2A1B","AKAKTR",2,"H2A1B","H2A1BK15ac"
"H2A1B-K13[un];K15[un]",0.439482142763102,0.364283425826842,0.0755119207656178,0.00570205017771294,"H2A1B","AKAKTR",2,"H2A1B","H2A1B"
"H2AJ-K5[ac];K9[ac]",0.681933889809689,0.519944256265644,0.0102696127963616,0.000105464946987195,"H2AJ","GKQGGKVR",2,"H2AJ","H2AJK5acK9ac"
"H2AJ-K5[ac];T6[ac];K9[un]",0.633626062636042,0.49080212241219,0.02438227163769,0.000594495170214102,"H2AX","GKTGGKAR",2,"H2AX","H2AJK5acT6ac"
"H2AJ-K5[un];K9[un]",0.0218797985147715,0.0216438708867277,0.598854749711607,0.358627011252151,"H2AJ","GKQGGKVR",2,"H2AJ","H2AJ"
"H2AX-K5[un];K9[un]",0.108934581126787,0.103399717563191,0.241483390473428,0.0583142278745421,"H2AX","GKTGGKAR",2,"H2AX","H2AX"
"H31-K18[ac];K23[ac]",0.0568133657408434,0.0552581215162164,1.36093116872308,1.85213364600196,"H3.1","KQLATKAAR",2,"H3.1","H3K18acK23ac"
"H31-K18[ac];K23[un]",0.0819256344207581,0.0787424483217736,0.465271341613262,0.216477421326605,"H3.1","KQLATKAAR",2,"H3.1","H3K18ac"
"H31-K18[un];K23[ac]",0.152699858109562,0.142106893530836,0.395676954550277,0.156560252362182,"H3.1","KQLATKAAR",2,"H3.1","H3K23ac"
"H31-K18[un];K23[su]",0.00770079792779454,0.00767129813460436,0.535495693907735,0.286755638193727,"H3.1","KQLATKAAR",2,"H3.1","H3K23su"
"H31-K18[un];K23[un]",0.514237570961122,0.414912058795784,0.116093613529956,0.0134777271024427,"H3.1","KQLATKAAR",2,"H3.1","H3"
"H31-K27[me2];K36[me];K37[un]",0.188172200535274,0.172416160381742,0.489046858329444,0.239166829641899,"H3.1","KSAPATGGVKKPHR",3,"H3.1","H3K27me2K36me"
"H31-K27[me];K36[me2];K37[un]",0.194217091075956,0.177490816765033,0.529878137954922,0.280770841082575,"H3.1","KSAPATGGVKKPHR",3,"H3.1","H3K27meK36me2"
"H31-K27[un];K36[me2];K37[un]",0.417132604607724,0.34863553756349,0.276206539597962,0.0762900525166804,"H3.1","KSAPATGGVKKPHR",3,"H3.1","H3K36me2"
"H31-K4[me]",0.133676346592257,0.125465755919958,0.384702823246675,0.147996262213963,"H3.1","TKQTAR",1,"H3.1","H3K4me"
"H31-K4[un]",0.617759273615867,0.481042027354736,0.051811543001757,0.00268443598822291,"H3.1","TKQTAR",1,"H3.1","H3"
"H31-K79[me]",0.334357286788496,0.28844974280885,0.281123183950252,0.0790302445543271,"H3.1","EIAQDFKTDLR",2,"H3.1","H3K79me"
"H31-K79[un]",0.455606772719473,0.375422839616349,0.200501953078399,0.0402010331882527,"H3.1","EIAQDFKTDLR",2,"H3.1","H3"
"H31-K9[ac];K14[ac]",0.0106200339619918,0.0105640375085818,0.865569264517467,0.749210151677309,"H3.1","KSTGGKAPR",2,"H3.1","H3K9acK14ac"
"H31-K9[ac];K14[un]",0.00736045050119315,0.00733349457642151,0.715951511123228,0.512586566279633,"H3.1","KSTGGKAPR",2,"H3.1","H3K9ac"
"H31-K9[me2];K14[ac]",0.141292443460377,0.132161342562225,0.161513607512125,0.0260866454115808,"H3.1","KSTGGKAPR",2,"H3.1","H3K9me2K14ac"
"H31-K9[me2];K14[un]",0.207176765120246,0.188284381367993,0.140456154318002,0.0197279312858025,"H3.1","KSTGGKAPR",2,"H3.1","H3K9me2"
"H31-K9[me3];K14[ac]",0.169801007006745,0.156833654863095,0.119236892089857,0.0142174364352481,"H3.1","KSTGGKAPR",2,"H3.1","H3K9me3K14ac"
"H31-K9[me3];K14[un]",0.0628490249133694,0.0609530619101941,0.288723458773573,0.0833612356461749,"H3.1","KSTGGKAPR",2,"H3.1","H3K9me3"
"H31-K9[me];K14[ac]",0.0563190554757248,0.0547902755173838,0.22632490102961,0.0512229608260629,"H3.1","KSTGGKAPR",2,"H3.1","H3K9meK14ac"
"H31-K9[me];K14[un]",0.0889864847821797,0.0852474332054722,0.22850525934243,0.0522146535471514,"H3.1","KSTGGKAPR",2,"H3.1","H3K9me"
"H31-K9[un];K14[ac]",0.0549101051011527,0.0534555548626585,0.296163260033379,0.0877126765935989,"H3.1","KSTGGKAPR",2,"H3.1","H3K14ac"
"H31-K9[un];K14[ub]",0.0245947452147876,0.0242971638886809,0.961121919341168,0.92375534383805,"H3.1","KSTGGKAPR",2,"H3.1","H3K14ub"
"H31-K9[un];K14[un]",0.102320302857659,0.0974173244491537,0.18650015937727,0.0347823094477473,"H3.1","KSTGGKAPR",2,"H3.1","H3"
"H4-K5[ac];K8[ac];K12[ac];K16[ac]",0.0151662629225378,0.0150524049140524,0.868623671798636,0.754507083208945,"H4","GKGGKGLGKGGAKR",2,"H4","H4K5acK8acK12acK16ac"
"H4-K5[ac];K8[ac];K12[ac];K16[un]",0.00824070063151516,0.0082069314523517,0.501508213935178,0.251510488644452,"H4","GKGGKGLGKGGAKR",2,"H4","H4K5acK8acK12ac"
"H4-K5[ac];K8[ac];K12[un];K16[ac]",0.0117997728796214,0.01173069840406,0.787921195724268,0.620819810671561,"H4","GKGGKGLGKGGAKR",2,"H4","H4K5acK8acK16ac"
"H4-K5[ac];K8[ac];K12[un];K16[un]",0.00399429916419603,0.00398634313010612,0.498723746016541,0.248725374840771,"H4","GKGGKGLGKGGAKR",2,"H4","H4K5acK8ac"
"H4-K5[ac];K8[un];K12[ac];K16[ac]",0.0202749957968942,0.0200721946820722,0.7801965979214,0.608706731408126,"H4","GKGGKGLGKGGAKR",2,"H4","H4K5acK12acK16ac"
"H4-K5[ac];K8[un];K12[ac];K16[un]",0.0132204501360162,0.0131338226527254,0.482999117251579,0.233288147265804,"H4","GKGGKGLGKGGAKR",2,"H4","H4K5acK12ac"
"H4-K5[ac];K8[un];K12[un];K16[ac]",0.0126278993531338,0.0125488323695878,0.774615871750818,0.60002974876828,"H4","GKGGKGLGKGGAKR",2,"H4","H4K5acK16ac"
"H4-K5[ac];K8[un];K12[un];K16[un]",0.00192992778726064,0.00192806786924912,0.78446319727127,0.615382507873064,"H4","GKGGKGLGKGGAKR",2,"H4","H4K5ac"
"H4-K5[un];K8[ac];K12[ac];K16[ac]",0.0041578578189874,0.00414923781374279,0.687987556525819,0.473326877934367,"H4","GKGGKGLGKGGAKR",2,"H4","H4K8acK12acK16ac"
"H4-K5[un];K8[ac];K12[ac];K16[un]",0.00991684298370347,0.00986799378406312,0.382033014226592,0.145949223959056,"H4","GKGGKGLGKGGAKR",2,"H4","H4K8acK12ac"
"H4-K5[un];K8[ac];K12[un];K16[ac]",0.0444767198392723,0.043516013436054,0.502169439834443,0.252174146303638,"H4","GKGGKGLGKGGAKR",2,"H4","H4K8acK16ac"
"H4-K5[un];K8[ac];K12[un];K16[un]",0.016623328556684,0.0164866733934632,0.338373279643416,0.114496476376641,"H4","GKGGKGLGKGGAKR",2,"H4","H4K8ac"
"H4-K5[un];K8[un];K12[ac];K16[ac]",0.0241818089264031,0.0238940586372649,0.518971009728557,0.269330908938678,"H4","GKGGKGLGKGGAKR",2,"H4","H4K12acK16ac"
"H4-K5[un];K8[un];K12[ac];K16[un]",0.0252325127752025,0.024919428597581,0.325717687353505,0.106092011854916,"H4","GKGGKGLGKGGAKR",2,"H4","H4K12ac"
"H4-K5[un];K8[un];K12[un];K16[ac]",0.14290180401122,0.133570470370795,0.24508436145655,0.0600663442305647,"H4","GKGGKGLGKGGAKR",2,"H4","H4K16ac"
"H4-K5[un];K8[un];K12[un];K16[un]",0.485262508824217,0.395591530251049,0.134162528675432,0.0179995841005861,"H4","GKGGKGLGKGGAKR",2,"H4","H4"
