"","log2FC","p.value","p.adj"
"H4-K5[ac];K8[ac];K12[ac];K16[ac]",-1.35124739365272,2.03500203500204e-05,0.000474833808167142
"H4-K5[ac];K8[ac];K12[un];K16[ac]",-0.819977244591546,4.07000407000407e-05,0.000474833808167142
"H31-K9[ac];K14[ac]",-0.804689991818639,4.07000407000407e-05,0.000474833808167142
"H4-K5[un];K8[ac];K12[ac];K16[ac]",-0.874486249498187,8.14000814000814e-05,0.000474833808167142
"H2A1A-K5[ac];K9[un]",-0.403687410845031,8.14000814000814e-05,0.000474833808167142
"H2A1A-K5[un];K9[un]",0.0604931658829595,8.14000814000814e-05,0.000474833808167142
"H4-K5[ac];K8[un];K12[ac];K16[ac]",-0.835141427572314,0.00059015059015059,0.00271950271950272
"H4-K5[un];K8[un];K12[un];K16[un]",0.313171432170845,0.000854700854700855,0.00271950271950272
"H4-K5[ac];K8[un];K12[un];K16[ac]",-1.00598554206554,0.000854700854700855,0.00271950271950272
"H1-K25[un];K31[un]",-0.143710753344934,0.000854700854700855,0.00271950271950272
"H1-K25[me];K31[un]",0.119820409721878,0.000854700854700855,0.00271950271950272
"H31-K9[ac];K14[un]",-0.84310593094775,0.00516890516890517,0.0150759734093067
"H31-K9[me3];K14[ac]",0.268392495509476,0.0083028083028083,0.0193732193732194
"H31-K9[me2];K14[un]",0.215374518102232,0.0083028083028083,0.0193732193732194
"H31-K18[un];K23[un]",0.212731666176568,0.0083028083028083,0.0193732193732194
"H4-K5[un];K8[un];K12[ac];K16[ac]",-0.388397469580659,0.018986568986569,0.0415331196581197
"H4-K5[un];K8[ac];K12[un];K16[ac]",-0.331160450930829,0.0452584452584453,0.0931791520026814
"H2AX-K5[un];K9[un]",-0.180979145016394,0.121387871387871,0.223609236767131
"H2AJ-K5[ac];T6[ac];K9[un]",0.0236907898172023,0.121387871387871,0.223609236767131
"H4-K5[un];K8[un];K12[un];K16[ac]",0.250334328523484,0.173178673178673,0.303062678062678
"H31-K27[me2];K36[me];K37[un]",2.05163881326254,0.215201465201465,0.342365967365967
"H31-K9[me2];K14[ac]",-0.0640940135251644,0.215201465201465,0.342365967365967
"H1.2-K33[ac];K45[un];K51[un]",-0.144013971462039,0.238563288563289,0.363031091291961
"H31-K18[un];K23[su]",-0.227488881551426,0.263553113553114,0.368974358974359
"H31-K9[un];K14[ac]",-0.0565741842608068,0.263553113553114,0.368974358974359
"H4-K5[un];K8[un];K12[ac];K16[un]",-0.00860545142299551,0.348249898249898,0.443019943019943
"H31-K4[me]",0.0706510088257702,0.37973137973138,0.443019943019943
"H31-K4[un]",-0.0155704968700249,0.37973137973138,0.443019943019943
"H1.2-K33[un];K45[un];K51[un]",0.0248873593437954,0.37973137973138,0.443019943019943
"H31-K27[me];K36[me2];K37[un]",-0.181827810105033,0.37973137973138,0.443019943019943
"H31-K27[un];K36[me2];K37[un]",-0.0639050209101755,0.412779812779813,0.45147792022792
"H4-K5[ac];K8[ac];K12[un];K16[un]",-0.081930378779779,0.412779812779813,0.45147792022792
"H31-K9[un];K14[ub]",-0.891766612588521,0.483496133496134,0.512798929465596
"H31-K9[un];K14[un]",0.0332814886058916,0.55993080993081,0.576399363164069
"H4-K5[ac];K8[un];K12[ac];K16[un]",-0.111360464423997,0.861680911680912,0.861680911680912
