"","1_D3_Slot1-1_1_1321","1_D4_Slot1-1_1_1300","1_E3_Slot1-1_1_1322","1_E4_Slot1-1_1_1301","1_F3_Slot1-1_1_1323","1_F4_Slot1-1_1_1302","1_G3_Slot1-1_1_1325","1_G4_Slot1-1_1_1305","1_H2_Slot1-1_1_1341","1_H3_Slot1-1_1_1326","1_H4_Slot1-1_1_1306","1_I2_Slot1-1_1_1342","1_I3_Slot1-1_1_1327","1_I4_Slot1-1_1_1307","100_C2_Slot1-1_1_1339","100_C3_Slot1-1_1_1319","100_C4_Slot1-1_1_1298","auto_2_C3_100cell_Slot1-1_1_3400","auto_2_E2_1cell_Slot1-1_1_3420","auto_2_E3_1cell_Slot1-1_1_3418","auto_2_F2_1cell_Slot1-1_1_3421","auto_2_F3_1cell_Slot1-1_1_3419","auto_4_C4_100cell_Slot1-1_1_3505","auto_4_D3_1cell_Slot1-1_1_3495","auto_4_D4_1cell_Slot1-1_1_3492","auto_4_E4_1cell_Slot1-1_1_3493","auto_4_F4_1cell_Slot1-1_1_3494","nabut_1_C2_ctrl_100_Slot1-1_1_3703","nabut_1_C3_treat_100_Slot1-1_1_3665","nabut_1_C4_ctrl_100_Slot1-1_1_3704","nabut_1_C5_treat_100_Slot1-1_1_3666","nabut_1_D2_mix_Slot1-1_1_3691","nabut_1_D3_mix_Slot1-1_1_3720","nabut_1_D5_treat_Slot1-1_1_3713","nabut_1_E2_mix_Slot1-1_1_3692","nabut_1_E3_mix_Slot1-1_1_3721","nabut_1_E4_ctrl_Slot1-1_1_3707","nabut_1_E5_treat_Slot1-1_1_3714","nabut_1_F2_mix_Slot1-1_1_3693","nabut_1_F3_mix_Slot1-1_1_3722","nabut_1_F4_ctrl_Slot1-1_1_3708","nabut_1_F5_treat_Slot1-1_1_3715","nabut_1_G2_mix_Slot1-1_1_3694","nabut_1_G3_mix_Slot1-1_1_3723","nabut_1_G4_ctrl_Slot1-1_1_3709","nabut_1_G5_treat_Slot1-1_1_3716","nabut_1_H2_mix_Slot1-1_1_3695","nabut_1_H4_ctrl_Slot1-1_1_3710","nabut_1_H5_treat_Slot1-1_1_3717","nabut_1_I2_mix_Slot1-1_1_3696","nabut_1_I4_ctrl_Slot1-1_1_3711","nabut_1_I5_treat_Slot1-1_1_3718","nabut_1_J2_mix_Slot1-1_1_3697","nabut_1_K2_mix_Slot1-1_1_3698","nabut_1_L2_mix_Slot1-1_1_3699","nabut_1_M2_mix_Slot1-1_1_3700","nabut_1_N2_mix_Slot1-1_1_3701","nabut_1_O2_mix_Slot1-1_1_3702","nabut_4_control_C2_100_Slot1-1_1_3652","nabut_4_control_C4_100_Slot1-1_1_3653","nabut_4_D2_mix_Slot1-1_1_3640","nabut_4_D5_treat_Slot1-1_1_3675","nabut_4_E2_mix_Slot1-1_1_3641","nabut_4_E3_mix_Slot1-1_1_3682","nabut_4_E5_treat_Slot1-1_1_3676","nabut_4_F2_mix_Slot1-1_1_3642","nabut_4_F3_mix_Slot1-1_1_3683","nabut_4_F5_treat_Slot1-1_1_3677","nabut_4_G2_mix_Slot1-1_1_3643","nabut_4_G3_mix_Slot1-1_1_3684","nabut_4_G5_treat_Slot1-1_1_3678","nabut_4_H2_mix_Slot1-1_1_3644","nabut_4_H3_mix_Slot1-1_1_3685","nabut_4_H5_treat_Slot1-1_1_3679","nabut_4_I2_mix_Slot1-1_1_3645","nabut_4_I3_mix_Slot1-1_1_3686","nabut_4_I5_treat_Slot1-1_1_3680","nabut_4_J2_mix_Slot1-1_1_3646","nabut_4_K2_mix_Slot1-1_1_3647","nabut_4_L2_mix_Slot1-1_1_3648","nabut_4_M2_mix_Slot1-1_1_3649","nabut_4_N2_mix_Slot1-1_1_3650","nabut_4_O2_mix_Slot1-1_1_3651","nabut_4_treat_C3_100_Slot1-1_1_3655","nabut_4_treat_C5_100_Slot1-1_1_3656"
"H1-K25[me];K31[un]",0.148989431263927,0.183607940361207,0.201674835457219,0.234639703102986,0.120496594194467,0.192093545979427,0.29067553384171,0.181936672734219,0.33016289321094,0.248267974939503,0.234361226785009,0.166000537527201,0.255817550993348,0.215022116366111,0.0836034266382932,0.0759073688651153,0.078029597400328,0.0147587091392117,0.307059188100403,0.69344584617974,0.127416657549662,0.111707293216798,0.00319742807243619,0.155152583959515,0.118407760982136,0.373457057401128,0.153561445284191,0.960861959282282,0.904232634656833,0.928591248331971,0.891118740982274,0.899334656773286,0.863419094725467,0.804676418908906,0.890080632068835,0.876751384815901,0.857182378883302,0.771324420368805,0.840835629746855,0.931993365206362,0.877989649281479,0.832677683646445,0.924680687986547,0.85387876452128,0.873695482512659,0.769882908232731,0.832390808846178,0.85798799711323,0.883845659449037,0.877028107672278,0.872388176788796,0.912144288577154,0.894228379315307,0.874166657514086,0.890518514055015,0.947126391987607,0.938746514959666,0.943611657355933,0.937009608856985,0.946522562498259,0.855321056845476,0.899831923473305,0.867264795456416,0.86322617722943,0.887630993771269,0.94173953477822,0.91386432345379,0.921146748486523,0.819892490805135,0.872809932994018,0.871395899979963,0.941127043070501,0.897596850071023,0.8259420529118,0.969530439398692,0.93876049070823,0.820131564812416,0.854205334941145,0.928126979685271,0.870457511170865,0.841517153646475,0.780686828271187,0.85707836248813,0.826308449722843,0.835903458256127
"H1-K25[un];K31[un]",0.851010568736074,0.816392059638793,0.798325164542781,0.765360296897014,0.879503405805533,0.807906454020573,0.70932446615829,0.818063327265781,0.66983710678906,0.751732025060497,0.765638773214991,0.833999462472799,0.744182449006652,0.784977883633889,0.916396573361707,0.924092631134885,0.921970402599672,0.985241290860788,0.692940811899597,0.30655415382026,0.872583342450338,0.888292706783202,0.996802571927564,0.844847416040485,0.881592239017864,0.626542942598872,0.846438554715809,0.0391380407177184,0.0957673653431667,0.0714087516680294,0.108881259017727,0.100665343226714,0.136580905274533,0.195323581091094,0.109919367931165,0.123248615184099,0.142817621116698,0.228675579631195,0.159164370253145,0.0680066347936384,0.122010350718521,0.167322316353555,0.0753193120134531,0.14612123547872,0.126304517487341,0.230117091767269,0.167609191153822,0.14201200288677,0.116154340550963,0.122971892327722,0.127611823211204,0.0878557114228457,0.105771620684693,0.125833342485914,0.109481485944985,0.0528736080123927,0.0612534850403343,0.0563883426440669,0.0629903911430154,0.0534774375017406,0.144678943154524,0.100168076526695,0.132735204543584,0.13677382277057,0.112369006228731,0.0582604652217799,0.0861356765462097,0.0788532515134768,0.180107509194865,0.127190067005983,0.128604100020037,0.0588729569294988,0.102403149928977,0.1740579470882,0.0304695606013078,0.0612395092917701,0.179868435187584,0.145794665058855,0.0718730203147287,0.129542488829135,0.158482846353525,0.219313171728813,0.14292163751187,0.173691550277157,0.164096541743873
"H1.2-K33[ac];K45[un];K51[un]",0.166825621858487,0.0378920602246885,0.168807380436482,0.0956836738170132,0.164768946395564,0.19072246140922,0.33490395839966,0.167413351713273,0.246773948686807,0.272386058981233,0.201519213583557,0.286249717769248,0.30213872149356,0.187993768777123,0.0147200421828074,0.921393972012917,0.0192807186891148,0.0924718512568028,0.052272490899636,0.0292941153057772,0.0238917737487532,0.0163028641937562,0.00513860786799848,0.109999508784569,0.0334893808352509,0.0156126931895752,0.0893768916202666,0.0271086522071918,0.00502183172324665,0.0254179902695628,0.0180034581404724,0.857374787181843,0.827788185292923,0.869106585947533,0.836569853531479,0.762858451227043,0.661885960471996,0.821859605704839,0.883329321136254,0.72772067488616,0.758638058686998,0.801430279821062,0.802916024495697,0.826808555512822,0.733881331743844,0.912216782420585,0.870286764959774,0.780531695629885,0.82809303102426,0.863147867715305,0.819121958628396,0.851369622041887,0.894825124790329,0.855414570183604,0.832589757685964,0.792649860503614,0.864163110023039,0.82298674944739,0.0363753978502883,0.00497508406941153,0.304489782524877,0.179462069664173,0.283967157677538,0.0386197973476158,0.160348107955747,0.229532144588416,0.0395529647482432,0.12771591072026,0.438191446915013,0.114061026690357,0.17007503120938,0.265309725763279,0.0944888594116909,0.199085386357013,0.107120928415209,0.107725431522096,0.151885168433133,0.179783783211714,0.16747332625632,0.189514818601923,0.108816170338027,0.257791751288861,0.128999358457666,0.0119939129570927,0.0437311031401522
"H1.2-K33[un];K45[un];K51[un]",0.833174378141513,0.962107939775312,0.831192619563518,0.904316326182987,0.835231053604436,0.80927753859078,0.66509604160034,0.832586648286727,0.753226051313193,0.727613941018767,0.798480786416443,0.713750282230752,0.69786127850644,0.812006231222878,0.985279957817193,0.0786060279870829,0.980719281310885,0.907528148743197,0.947727509100364,0.970705884694223,0.976108226251247,0.983697135806244,0.994861392132002,0.890000491215431,0.966510619164749,0.984387306810425,0.910623108379733,0.972891347792808,0.994978168276753,0.974582009730437,0.981996541859528,0.142625212818157,0.172211814707077,0.130893414052467,0.163430146468521,0.237141548772957,0.338114039528004,0.178140394295161,0.116670678863746,0.27227932511384,0.241361941313002,0.198569720178938,0.197083975504303,0.173191444487178,0.266118668256156,0.0877832175794148,0.129713235040226,0.219468304370115,0.17190696897574,0.136852132284695,0.180878041371604,0.148630377958113,0.105174875209671,0.144585429816396,0.167410242314036,0.207350139496386,0.135836889976961,0.17701325055261,0.963624602149712,0.995024915930589,0.695510217475123,0.820537930335827,0.716032842322462,0.961380202652384,0.839651892044253,0.770467855411584,0.960447035251757,0.87228408927974,0.561808553084987,0.885938973309643,0.82992496879062,0.734690274236721,0.905511140588309,0.800914613642987,0.892879071584791,0.892274568477904,0.848114831566867,0.820216216788286,0.83252667374368,0.810485181398077,0.891183829661973,0.742208248711139,0.871000641542334,0.988006087042907,0.956268896859848
"H1.5-K33[ac];K45[un];K51[un]",0.096947496947497,0.186693297253184,0.293230809106225,0.214252823749289,0.135322692574601,0.371458395466746,0.246593479340211,0.299727204132567,0.281101517396413,0.302873906665942,0.206686712485682,0.139839545039098,0.182287308228731,0.131534030296565,0.0067689804423923,0.359480436734339,0.698357327193604,0.932948165025633,0.770555778703254,0.807617481241911,0.847800813487197,0.841262182765608,0.811557946087935,0.768877132429909,0.853592334608718,0.84649732338613,0.790178526678762,0.71073516718423,0.796727400693975,0.824563971166319,0.793977256155509,0.583529634958026,0.640959280313733,0.550095770440062,0.749528081677391,0.625956057177232,0.676806682953739,0.683610439079631,0.469734012242422,0.585806263210591,0.606386344353528,0.711224464891514,0.765298816791017,0.474813679369946,0.682546758163451,0.496655993634073,0.61487899138368,0.574047848723053,0.811532248853791,0.650431266846361,0.576841904959607,0.506028628561247,0.718110321051498,0.353383458646617,0.758310658937655,0.691599937195792,0.576093340119807,0.684292946953917,0.801837054534415,0.814927645812852,0.733624091381101,0.613668965788284,0.825779299983037,0.699969529836999,0.673853570948883,0.814100305159215,0.765737000236308,0.677583100103516,0.721475310985551,0.649088253002208,0.664388465173108,0.79190046932008,0.752106295090705,0.741942172126513,0.741778430611916,0.772473757160901,0.771021763979348,0.810622562718492,0.807279752521601,0.788362976236121,0.825731566511955,0.747556008146639,0.778416585968417,0.813920934336633,0.828846129044739
"H1.5-K33[un];K45[un];K51[un]",0.903052503052503,0.813306702746816,0.706769190893775,0.785747176250711,0.864677307425399,0.628541604533254,0.753406520659789,0.700272795867433,0.718898482603587,0.697126093334058,0.793313287514318,0.860160454960902,0.817712691771269,0.868465969703435,0.993231019557608,0.640519563265661,0.301642672806396,0.0670518349743673,0.229444221296747,0.192382518758089,0.152199186512803,0.158737817234392,0.188442053912065,0.231122867570091,0.146407665391282,0.15350267661387,0.209821473321238,0.28926483281577,0.203272599306025,0.175436028833681,0.206022743844491,0.416470365041974,0.359040719686267,0.449904229559938,0.250471918322609,0.374043942822768,0.323193317046261,0.316389560920369,0.530265987757578,0.414193736789409,0.393613655646472,0.288775535108486,0.234701183208983,0.525186320630054,0.317453241836549,0.503344006365927,0.38512100861632,0.425952151276947,0.188467751146209,0.349568733153639,0.423158095040393,0.493971371438753,0.281889678948502,0.646616541353383,0.241689341062345,0.308400062804208,0.423906659880193,0.315707053046083,0.198162945465585,0.185072354187148,0.266375908618899,0.386331034211716,0.174220700016963,0.300030470163001,0.326146429051117,0.185899694840785,0.234262999763692,0.322416899896484,0.278524689014449,0.350911746997792,0.335611534826892,0.208099530679921,0.247893704909295,0.258057827873487,0.258221569388084,0.227526242839099,0.228978236020652,0.189377437281508,0.192720247478399,0.211637023763879,0.174268433488045,0.25244399185336,0.221583414031583,0.186079065663367,0.171153870955261
"H2A1A-K5[ac];K9[un]",0.0737921688862383,0.057508839938668,0.0651497100954014,0.07122589549392,0.0633106986676439,0.0801497094872556,0.0683695245102059,0.0742556932281208,0.0698400492440557,0.0713621580256361,0.0345845796725453,0.0599591743525453,0.0746392502236406,0.0895958200562532,0.115882810471659,0.0905418161954163,0.0977091420604941,0.0774967588059999,0.0497441963546645,0.060605483003126,0.0797767721508867,0.0398595874921044,0.0626552285806446,0.0754024421059031,0.0770825658357226,0.0481760426364386,0.0574597692291525,0.0528804226254242,0.115707100264112,0.0602236453949208,0.110274699112264,0.0541765549831925,0.0646795734507878,0.108349858227571,0.12193541675412,0.14143675422303,0.0578228038219987,0.0822153119561496,0.112471985702906,0.0793275534115551,0.0683696662486751,0.130796723637336,0.0761222024095514,0.0906409422280668,0.0955392369313662,0.184096728652506,0.125221138534632,0.0999240922222852,0.13290929505423,0.117909720889931,0.0667050757085464,0.0805965499943363,0.0941605869536511,0.12627869540392,0.124087924201963,0.0572212229640203,0.0620912055332217,0.0624545436480337,0.0634191233230263,0.0595822130995216,0.156357309846137,0.10439010524883,0.152024946744774,0.105775363227911,0.136301666150714,0.0502348530313868,0.056350154732359,0.1294652508425,0.169286308850478,0.0792031835315261,0.154167524909858,0.0690931367289087,0.09310677047815,0.197295378694084,0.0273926325075474,0.0719234285336652,0.198834456536876,0.1736485840252,0.0708772206247292,0.156716544050844,0.179612079871475,0.30864854628273,0.154095373712213,0.177041332477455,0.170148478472575
"H2A1A-K5[un];K9[un]",0.926207831113762,0.942491160061332,0.934850289904599,0.92877410450608,0.936689301332356,0.919850290512744,0.931630475489794,0.925744306771879,0.930159950755944,0.928637841974364,0.965415420327455,0.940040825647455,0.925360749776359,0.910404179943747,0.884117189528341,0.909458183804584,0.902290857939506,0.922503241194,0.950255803645335,0.939394516996874,0.920223227849113,0.960140412507896,0.937344771419355,0.924597557894097,0.922917434164277,0.951823957363561,0.942540230770847,0.947119577374576,0.884292899735888,0.939776354605079,0.889725300887736,0.945823445016808,0.935320426549212,0.891650141772429,0.87806458324588,0.85856324577697,0.942177196178001,0.91778468804385,0.887528014297094,0.920672446588445,0.931630333751325,0.869203276362664,0.923877797590449,0.909359057771933,0.904460763068634,0.815903271347494,0.874778861465368,0.900075907777715,0.86709070494577,0.882090279110069,0.933294924291454,0.919403450005664,0.905839413046349,0.87372130459608,0.875912075798037,0.94277877703598,0.937908794466778,0.937545456351966,0.936580876676974,0.940417786900478,0.843642690153863,0.89560989475117,0.847975053255226,0.894224636772089,0.863698333849286,0.949765146968613,0.943649845267641,0.8705347491575,0.830713691149522,0.920796816468474,0.845832475090142,0.930906863271091,0.90689322952185,0.802704621305916,0.972607367492453,0.928076571466335,0.801165543463124,0.8263514159748,0.929122779375271,0.843283455949156,0.820387920128525,0.69135145371727,0.845904626287787,0.822958667522545,0.829851521527425
"H2A1B-K13[un];K15[ac]",0.37995978196878,0.551552250763607,0.364773866234865,0.380895506347973,0.435893308910873,0.410243448626122,0.386927335649105,0.487497811716379,0.404739735329713,0.387438724849752,0.426576865050525,0.474216853125146,0.312025008055706,0.364317586040626,0.386363946754543,0.407628017720367,0.433986010734707,0.467256775400608,0.684502754166447,0.513409092910418,0.68677288594301,0.662506271765624,0.582462620050759,0.408944320204572,0.450738551181026,0.427622369212267,0.402096248693687,0.463163559924758,0.483092315511618,0.504101975968847,0.479672963866728,0.3303578617285,0.352563308090622,0.418006374455393,0.425029586478692,0.406844106463878,0.40082870604072,0.479437406540078,0.408791521088617,0.39427042646886,0.376906819908815,0.432347769439631,0.389952418136769,0.338519071496986,0.45610176260558,0.448109634322705,0.26357709408758,0.4246114919635,0.432516142443258,0.427786858092477,0.358349013791424,0.471731745970848,0.377357075816848,0.398839844714225,0.293964909086771,0.370228109240809,0.321371549702327,0.355373938948542,0.456466749632965,0.441008704260159,0.432018218748077,0.415743038472097,0.421278879253749,0.437903606413961,0.434697527983046,0.376371602396058,0.365371740599218,0.417678683276498,0.478572881345642,0.386621794735257,0.397736339419141,0.375011304601224,0.394576202093564,0.370655173838969,0.375292864147776,0.434854805130773,0.419407311090447,0.380706113486652,0.445028131942959,0.418006140269268,0.425921677332635,0.450814873195035,0.4436415282383,0.447418598907662,0.457887252154216
"H2A1B-K13[un];K15[un]",0.62004021803122,0.448447749236393,0.635226133765135,0.619104493652026,0.564106691089127,0.589756551373878,0.613072664350895,0.512502188283621,0.595260264670287,0.612561275150248,0.573423134949475,0.525783146874854,0.687974991944294,0.635682413959374,0.613636053245457,0.592371982279633,0.566013989265293,0.532743224599392,0.315497245833553,0.486590907089582,0.31322711405699,0.337493728234376,0.417537379949241,0.591055679795428,0.549261448818974,0.572377630787733,0.597903751306313,0.536836440075242,0.516907684488382,0.495898024031153,0.520327036133272,0.6696421382715,0.647436691909378,0.581993625544607,0.574970413521308,0.593155893536122,0.59917129395928,0.520562593459922,0.591208478911383,0.60572957353114,0.623093180091185,0.567652230560369,0.610047581863231,0.661480928503014,0.54389823739442,0.551890365677295,0.73642290591242,0.5753885080365,0.567483857556742,0.572213141907523,0.641650986208576,0.528268254029152,0.622642924183152,0.601160155285775,0.706035090913228,0.629771890759191,0.678628450297673,0.644626061051458,0.543533250367035,0.558991295739841,0.567981781251923,0.584256961527903,0.578721120746251,0.562096393586039,0.565302472016954,0.623628397603942,0.634628259400782,0.582321316723502,0.521427118654358,0.613378205264743,0.602263660580859,0.624988695398776,0.605423797906437,0.629344826161031,0.624707135852224,0.565145194869227,0.580592688909553,0.619293886513348,0.554971868057041,0.581993859730732,0.574078322667365,0.549185126804965,0.5563584717617,0.552581401092338,0.542112747845784
"H2AJ-K5[ac];K9[ac]",0.965953108831827,0.961945070855412,0.972751047279951,0.944956567616183,0.950026545981248,0.950012912792829,0.970940851039307,0.964971119423088,0.931552373370243,0.945527771876184,0.96196488545667,0.950258046317228,0.943338577375963,0.985141029834598,0.98092919538986,0.982821786515279,0.982015579714702,0.990524478194341,0.982538206131498,0.98883862506021,0.993113397485692,0.9943097731142,0.99106320445721,0.983796882919412,0.993811520481244,0.991129890116826,0.989071825478493,0.987689316126877,0.982863702250314,0.987570773521163,0.982721755960083,0.977848154397629,0.980560584385168,0.953077250483618,0.980150375318447,0.967790884104443,0.942817304516934,0.948802715473313,0.978714544371156,0.975709043039004,0.960022643270723,0.958530377904723,0.973614528012427,0.96906694610445,0.942503968431051,0.90327638152986,0.974117419957263,0.929781402058253,0.956673472142182,0.973498578705382,0.963653373684125,0.956702956117479,0.963394775404074,0.973232712631325,0.965407171763076,0.986280405130569,0.975963336887356,0.976337633594086,0.990402649159227,0.99065155482679,0.978653006821211,0.980197954455955,0.991884981203192,0.992792933771495,0.982550225502255,0.991094016033528,0.987175632361427,0.986362180220585,0.963220972403763,0.988819875776398,0.984935069934865,0.980154107223493,0.990195526004395,0.99119240768002,0.991261277033866,0.994909913164437,0.974425595436568,0.977536908852844,0.978382939780928,0.990323294455785,0.99119523120597,0.981441775092182,0.987447849576068,0.985658952128533,0.985268574648662
"H2AJ-K5[ac];T6[ac];K9[un]",0.91604234681361,0.886663145769309,0.935775602969087,0.878199782033636,0.890725524779147,0.838865780904618,0.924673031718253,0.86638273467872,0.890463315308098,0.896779565176739,0.866311635041277,0.872504153671262,0.894907095243379,0.899327514439591,0.886468399248217,0.90977367562761,0.909561775716693,0.934814095580272,0.878248791996184,0.892404558858691,0.867861619825393,0.898385175113253,0.926521595618304,0.85897505349549,0.883254140556537,0.887278199579993,0.861418780790241,0.927219125244803,0.905187280582367,0.921858826279251,0.907149071869061,0.856146484601457,0.903215649769333,0.879687170580381,0.851743777863587,0.881755241165289,0.881451173167615,0.856915074840439,0.91395086263711,0.929451427315035,0.891853835402223,0.86598883979027,0.93940270585626,0.889809722015757,0.874342353996893,0.81636236988492,0.860178895689017,0.829536859328932,0.866140609402481,0.842505800464037,0.918399777600793,0.857064000462965,0.872056638083019,0.925683375085907,0.908663440900704,0.912277747475006,0.900505765729314,0.949480721732316,0.930594812936368,0.932097628560116,0.896377432308468,0.877115872893745,0.860666559330221,0.936021816410264,0.869119486734943,0.926984620164673,0.92649869646728,0.849870896348211,0.861022644632244,0.91988685565681,0.87708408477925,0.926327442454223,0.941461598468194,0.882059209871157,0.90574659672851,0.946674141445259,0.894743447850941,0.883601249495464,0.908226227449944,0.926684300041763,0.883305441481371,0.844032465782144,0.893590849636824,0.90477837421876,0.913101151992084
"H2AJ-K5[un];K9[un]",0.0340468911681732,0.038054929144588,0.0272489527200488,0.0550434323838168,0.0499734540187523,0.0499870872071712,0.029059148960693,0.0350288805769124,0.068447626629757,0.0544722281238165,0.0380351145433298,0.0497419536827719,0.0566614226240365,0.0148589701654021,0.0190708046101397,0.0171782134847211,0.0179844202852979,0.00947552180565867,0.0174617938685017,0.0111613749397898,0.00688660251430746,0.00569022688580044,0.00893679554279027,0.0162031170805879,0.00618847951875585,0.00887010988317371,0.0109281745215065,0.0123106838731227,0.0171362977496862,0.0124292264788369,0.0172782440399165,0.0221518456023707,0.0194394156148324,0.0469227495163822,0.0198496246815527,0.0322091158955566,0.0571826954830661,0.0511972845266873,0.0212854556288435,0.0242909569609964,0.0399773567292773,0.0414696220952769,0.0263854719875733,0.03093305389555,0.0574960315689487,0.0967236184701404,0.0258825800427373,0.0702185979417466,0.0433265278578177,0.0265014212946182,0.0363466263158751,0.0432970438825214,0.0366052245959257,0.0267672873686752,0.0345928282369235,0.0137195948694308,0.0240366631126439,0.0236623664059144,0.00959735084077254,0.00934844517321002,0.0213469931787889,0.0198020455440448,0.00811501879680798,0.00720706622850486,0.017449774497745,0.00890598396647159,0.0128243676385726,0.0136378197794151,0.036779027596237,0.0111801242236025,0.0150649300651346,0.0198458927765074,0.00980447399560489,0.00880759231997995,0.00873872296613382,0.00509008683556344,0.025574404563432,0.0224630911471565,0.0216170602190719,0.00967670554421523,0.00880476879403006,0.018558224907818,0.0125521504239325,0.0143410478714671,0.0147314253513384
"H2AX-K5[un];K9[un]",0.0839576531863901,0.113336854230691,0.0642243970309134,0.121800217966364,0.109274475220853,0.161134219095382,0.0753269682817467,0.13361726532128,0.109536684691902,0.103220434823261,0.133688364958723,0.127495846328738,0.105092904756621,0.100672485560409,0.113531600751783,0.0902263243723899,0.0904382242833074,0.0651859044197285,0.121751208003816,0.107595441141309,0.132138380174607,0.101614824886747,0.0734784043816957,0.14102494650451,0.116745859443463,0.112721800420007,0.138581219209759,0.0727808747551967,0.0948127194176331,0.0781411737207488,0.0928509281309388,0.143853515398543,0.0967843502306671,0.120312829419619,0.148256222136413,0.118244758834711,0.118548826832385,0.143084925159561,0.08604913736289,0.0705485726849646,0.108146164597777,0.13401116020973,0.0605972941437402,0.110190277984243,0.125657646003107,0.18363763011508,0.139821104310983,0.170463140671068,0.133859390597519,0.157494199535963,0.0816002223992066,0.142935999537035,0.127943361916981,0.0743166249140932,0.0913365590992959,0.0877222525249937,0.0994942342706858,0.0505192782676837,0.0694051870636322,0.067902371439884,0.103622567691532,0.122884127106255,0.139333440669779,0.0639781835897358,0.130880513265057,0.073015379835327,0.0735013035327201,0.150129103651789,0.138977355367756,0.08011314434319,0.12291591522075,0.0736725575457773,0.0585384015318063,0.117940790128843,0.0942534032714902,0.0533258585547408,0.105256552149059,0.116398750504536,0.0917737725500562,0.0733156999582367,0.116694558518629,0.155967534217856,0.106409150363176,0.09522162578124,0.0868988480079162
"H31-K18[ac];K23[ac]",0.0132481656517219,0.0377899987628587,0.0153487770156594,0.0295157118741192,0.0227369536437019,0.0238813767268288,0.0157688963318412,0.0261596403525474,0.0195203620381873,0.0195503586086645,0.0223329179343298,0.0208600250029655,0.0263446641569147,0.0236504443243766,0.0263215688019552,0.0325929426521303,0.0709767895132862,0.0473340000607011,0.0298151497163052,0.0274613117422196,0.034164557212167,0.0257683926304745,0.0315436414665834,0.035404785826482,0.0285030121878728,0.0276012481176964,0.0334467631086251,0.0383277063582479,0.0679771010484778,0.0432740269163451,0.0692528923968755,0.0361853769397007,0.337758537245021,0.154294349382011,0.0666909714283697,0.575391669614158,0.406215165713989,0.204418968451869,0.0624282112741181,0.368440866217167,0.0870333613984308,0.225475572975331,0.0464909266269157,0.441339177954353,0.160607807269297,0.337367299128343,0.061878010639463,0.178578082900677,0.0866963631514245,0.060078926226043,0.058933984346494,0.046185117184651,0.0316701397336493,0.0623919458985679,0.0476148344510584,0.0251683419252148,0.0324266457102075,0.0354732000301621,0.0385888586350964,0.0275993417468175,0.0629524613302487,0.0317687685209098,0.0507737168139179,0.0357142645044009,0.0620398775474729,0.0374055325601919,0.0177250774418094,0.0301825942685688,0.109965355110121,0.0227699434817239,0.0473528081335203,0.0342874945180003,0.0330155896605902,0.126319337598485,0.0422380537639917,0.00882360884934663,0.0782959391804191,0.0406470986765809,0.0307693962748673,0.0901126341756319,0.0312473403834668,0.037085110849534,0.0279435888664439,0.125803650739444,0.105603340204907
"H31-K18[ac];K23[un]",0.145617633090927,0.0821350958317675,0.0709870152279884,0.160145735569701,0.137710795948838,0.09928648013128,0.0320668148100437,0.132395702561488,0.0272155004123561,0.0356693747458858,0.153800320715879,0.0275107144476276,0.0385006175587712,0.191199542345385,0.0739357060928197,0.0657758974267393,0.12645594689504,0.0956370760182183,0.0444805831274073,0.0769815978609479,0.0533112432915522,0.0639713134815526,0.0722328602739183,0.18305220258395,0.14443915127549,0.129741717130503,0.165709708929797,0.0632308198543743,0.120810982519516,0.062137075467524,0.102788419282298,0.00545396999863061,0.0472858037608006,0.0616157667250802,0.0092784751910469,0.050859612489337,0.0499576317870151,0.0689507969841303,0.00900922980398308,0.0629681386612111,0.0511894980179729,0.0721716956715136,0.00876689042960911,0.0450992545095729,0.060330415314064,0.119868020233145,0.00244531700249379,0.0558245239609672,0.132794790750148,0.00631443494312966,0.0400192801938322,0.0802982017205897,0.00375249902154712,0.00576636994507836,0.00526690561000738,0.0114905148259285,0.00277940386357987,0.00240968595398975,0.0773978166983643,0.0649804434305166,0.205220721615403,0.149801378634625,0.141571219316598,0.138579066675139,0.12627192573016,0.144027886539633,0.0753645849331673,0.146177008888332,0.0814018807225934,0.0885911812552028,0.0797370748773787,0.0468538256419411,0.0607483567322375,0.0962314333888482,0.0481682406495549,0.038263176708901,0.103764727350858,0.0688297300359968,0.0374664845001294,0.120709291298568,0.0824648704667895,0.0936588593406758,0.0851868451003274,0.144989092000808,0.126291919929045
"H31-K18[un];K23[ac]",0.116636844333485,0.0595350916301554,0.123398472887278,0.115944958106831,0.121638722218526,0.0761399241498392,0.127468143806426,0.0980865490432745,0.102293012913531,0.100650464940499,0.131488288764965,0.0982723360756275,0.127749296266492,0.154100932035384,0.239310228511078,0.25653124921747,0.426688056694039,0.420563579332003,0.166696025511824,0.209089831524576,0.203931075499879,0.173198733382458,0.250919917090635,0.183011165041674,0.149736723397259,0.179801451832109,0.158932267742723,0.326781198067282,0.322320913761263,0.346270353652373,0.340392616075028,0.165574330972727,0.012664707026709,0.146725654281364,0.282729995577475,0.00159496552209556,0.089937265881194,0.122720032882906,0.283237669494918,0.00156846734809915,0.13114797519902,0.154813481123052,0.292181588131033,0.00410593386280182,0.140434514017033,0.176999219096262,0.213429314718762,0.152972057073869,0.217442648280598,0.272429381576133,0.166495266724679,0.132553899231664,0.184522990998233,0.30735692631816,0.261706763264886,0.152626601751311,0.198087455794969,0.242149669364859,0.332517733668642,0.257688979102517,0.188559124913145,0.138155670160734,0.134354363119089,0.186642701759241,0.171843966380279,0.147567308050863,0.158815075338889,0.138423016166437,0.26326280623608,0.153262590144086,0.166619765667017,0.173994165693281,0.224307233155598,0.353259418466227,0.473371795820549,0.171343051197522,0.240265894354528,0.245051343069108,0.148575626851381,0.239404719231299,0.18679489564512,0.297027643032261,0.25700826998592,0.24790280183748,0.292398136741195
"H31-K18[un];K23[su]",0.00279525152146962,0.0015528457751624,0.0025110363372302,0.0045602378850532,0.00335358251286742,0.00438155463079869,0.00268547443453244,0.00423870211935106,0.00239323109686714,0.00224530761051397,0.00147884365913147,0.00361443762890407,0.00564726408900578,0.00304922862017336,0.00526588521359005,0.00350794750215492,0.00770348404715714,0.0123429977786503,0.00237613374380496,0.0076567304689548,0.00944330162405154,0.001274059601462,0.00277924885702102,0.00766694496724072,0.00773008773076226,0.00406254678239837,0.00367399090623655,0.0013942711821747,0.00129079852404282,0.000919060686557949,0.00168641922044707,0.0189800695213402,0.0114939051875893,0.00824874310725211,0.0115241645532411,0.00405403670589818,0.0080021645863307,0.0088017525889276,0.0101031143440206,0.00113748770020433,0.00871652335433144,0.0114096111443158,0.00820726446961012,0.00281633989902454,0.0127468207999936,0.0196844023272338,0.01278854112244,0.0127422686915519,0.0127361744264828,0.0120326282298528,0.00761641244897096,0.0114911037332293,0.0107665076460363,0.0136459765678399,0.0152358282296272,0.010993564493191,0.00919304266938245,0.0118549991967713,0.00153292155475087,0.00303033362532289,0.00443561398148814,0.00639262598212408,0.00458870125229469,0.00329156202063009,0.0161386893974267,0.00561988042410909,0.00209376425082876,0.00648215764338508,0.0212076218757733,0.00323819518509703,0.00855667750630745,0.0113665134138418,0.0035930010964587,0.00848211453952444,0.00704544721417363,0.00442117805933987,0.0102425542811228,0.0104928404205816,0.00574090374936956,0.00989084452188328,0.0102935162220604,0.00529318708342393,0.0108616186482084,0.0020958793863356,0.0015338666929722
"H31-K18[un];K23[un]",0.721702105402397,0.818986968000056,0.787754698531844,0.689833356564296,0.714559945676067,0.796310664361253,0.822010670617157,0.739119405923339,0.848577893539059,0.841884494094436,0.690899628925695,0.849742486844875,0.801758157928817,0.627999852674681,0.655166611380557,0.641591963201505,0.368175722850477,0.424122346810427,0.756632107900658,0.678810528403302,0.699149822372351,0.735787500904053,0.642524332311842,0.590864901580653,0.669591025408616,0.658793036137293,0.638237269312618,0.570266004537921,0.4876002041467,0.5473994832772,0.485879653025351,0.773806252567601,0.59079704677988,0.629115486504293,0.629776393249867,0.368099715668511,0.445887772031471,0.595108449092167,0.63522177508296,0.565885040073318,0.721912642030245,0.536129639085787,0.644353330342832,0.506639293774248,0.625880442599612,0.346081059215016,0.709458816516842,0.599883067372935,0.550330023391347,0.649144629024842,0.726935056286024,0.729471678129865,0.769287862600534,0.610838781270354,0.670175668444421,0.799720977004354,0.757513451961861,0.708112445454218,0.549962669443146,0.646700902094826,0.538832078159715,0.673881556701607,0.6687119994981,0.635772405040589,0.623705540944661,0.665379392425203,0.746001498035305,0.678735223033277,0.524162336055432,0.73213808993389,0.697733673815777,0.733498000732936,0.678335819355116,0.415707696006915,0.429176462551731,0.777148985184891,0.567430884833073,0.634978987797733,0.777447588624252,0.539882510772619,0.689199377282563,0.566935199694105,0.618999677399101,0.479208576035933,0.474172736431881
"H31-K27[me];K36[me2];K37[un]",0.260293024659107,0.235787055745794,0.196052977520705,0.233633711990607,0.182831220412043,0.166040772532189,0.246201940489125,0.19337764756906,0.189952456135656,0.182732863858489,0.140552782787401,0.20936109987869,0.19538881748072,0.149452275194186,0.253925144357586,0.29596777001487,0.286700806952204,0.824752610475326,0.190917274708614,0.17686907109984,0.10318097741433,0.260672316971714,0.885125222290269,0.881650603416682,0.752367929562433,0.25831778766323,0.624144963915908,0.391545516234501,0.347169056398122,0.38478522646976,0.367181860600124,0.0325688093081945,0.314793700562959,0.126192958537172,0.0499239143158141,0.256167354831966,0.290811252312201,0.160847518152601,0.0163641225642219,0.223750570579263,0.204530638852673,0.0775519790629788,0.0483717177644125,0.305460739038018,0.258897177014266,0.0546325281316749,0.0613498476952899,0.310766455090862,0.0641751085684783,0.0196183626714613,0.173310499015393,0.0542629968296499,0.0115418768433912,0.0275819248016557,0.134598284835332,0.0176351197711533,0.0275164994027396,0.00938569253835285,0.618035932107809,0.258671530010757,0.182178952777936,0.180042929689545,0.168404455521082,0.177986272556183,0.232435482820741,0.163612980186763,0.104950904392765,0.0891322483679172,0.160311197244956,0.216246601129471,0.552057025867866,0.132442130799555,0.0851471317200667,0.152760822142614,0.1300529319573,0.460015342529201,0.257852159958078,0.129100366609724,0.152619633422975,0.123305072649939,0.0988299467021985,0.265060240963855,0.142015686517655,0.112170436435821,0.00934855474732181
"H31-K27[me2];K36[me];K37[un]",0.261963456543015,0.275166429163919,0.367120744051532,0.242626433943099,0.253616436551185,0.254694206008584,0.321429252206401,0.243209035147503,0.274915928532563,0.366701350824058,0.235834416809965,0.310196273601045,0.253912275064267,0.229913549549272,0.322285446472027,0.407387623488689,0.394750339298678,0.161106098288302,0.507367573201933,0.545681882220344,0.555271612149533,0.546615016638935,0.0603580339549307,0.0659161196160251,0.0893698861615084,0.379656013611857,0.171540633824914,0.31139740716194,0.316406538332856,0.315961034451184,0.320063979542006,0.0271138502740355,0.210888619682178,0.108709599807523,0.134027859065902,0.154327601526159,0.230374516539746,0.126023092488989,0.022093186130318,0.217354516204451,0.190419926119079,0.0870340338437105,0.0413304972861963,0.17207524700376,0.179952782800884,0.0710680291320449,0.0132467336303905,0.202531301625946,0.161851347581515,0.0169358814488299,0.14687171489347,0.0268401565446395,0.0735409981332043,0.0258686903529953,0.0166986240755178,0.0590462100774519,0.00517670006630322,0.0651415695675071,0.237021962596772,0.468725082851783,0.202934962599212,0.29366699823744,0.331544682366106,0.35539134285398,0.173138280554772,0.189670276416097,0.407214470284238,0.13900181416105,0.430280384256096,0.418165655720561,0.0914266927686537,0.219170120287072,0.452976431886801,0.0551363900174115,0.236833545258302,0.165771685796581,0.083155929649887,0.22188525691472,0.46071980316988,0.262510347977506,0.316622251832112,0.10389097373099,0.10363642000186,0.189483322615819,0.74327745353184
"H31-K27[un];K36[me2];K37[un]",0.477743518797878,0.489046515090287,0.436826278427764,0.523739854066295,0.563552343036771,0.579265021459227,0.432368807304474,0.563413317283437,0.535131615331781,0.450565785317453,0.623612800402634,0.480442626520265,0.550698907455013,0.620634175256542,0.423789409170387,0.296644606496441,0.318548853749119,0.0141412912363722,0.301715152089453,0.277449046679816,0.341547410436137,0.192712666389351,0.0545167437548002,0.0524332769672927,0.158262184276058,0.362026198724913,0.204314402259178,0.297057076603559,0.336424405269022,0.299253739079056,0.31275415985787,0.94031734041777,0.474317679754864,0.765097441655305,0.816048226618284,0.589505043641875,0.478814231148053,0.71312938935841,0.96154269130546,0.558894913216286,0.605049435028249,0.835413987093311,0.910297784949391,0.522464013958222,0.56115004018485,0.87429944273628,0.92540341867432,0.486702243283193,0.773973543850007,0.963445755879709,0.679817786091137,0.918896846625711,0.914917125023404,0.946549384845349,0.848703091089151,0.923318670151395,0.967306800530957,0.92547273789414,0.144942105295419,0.27260338713746,0.614886084622852,0.526290072073015,0.500050862112812,0.466622384589837,0.594426236624487,0.646716743397141,0.487834625322997,0.771865937471033,0.409408418498947,0.365587743149969,0.35651628136348,0.648387748913373,0.461876436393132,0.792102787839974,0.633113522784398,0.374212971674217,0.658991910392035,0.649014376475556,0.386660563407145,0.614184579372556,0.58454780146569,0.631048785305155,0.754347893480485,0.69834624094836,0.247373991720838
"H31-K4[me]",0.0540086373013534,0.0940690360231161,0.05413462570041,0.0952279673202917,0.0543075167593781,0.0649529026761472,0.0578812997661904,0.0713254347854113,0.0813972057745053,0.0697238475681697,0.0738903923577521,0.0980294950262472,0.0676200287521899,0.0455659202684534,0.0732241889831677,0.0550120786581799,0.0609963845220853,0.0602431065104212,0.096486712656603,0.103912516825021,0.0875116636065376,0.0844946193047459,0.0535139514797981,0.133085577020281,0.142283068445933,0.158304745817302,0.183090419707631,0.0618133859570945,0.183327790618831,0.0651030003433885,0.186629853981928,0.0984238427081479,0.100907794555779,0.305160700153146,0.257310818806098,0.207272780645058,0.0894265325645733,0.198432656944325,0.174116206496564,0.161675745844163,0.0868409197090035,0.189329312970997,0.118473696860023,0.201695350019943,0.0927902403178776,0.17703940218536,0.196871254904947,0.0914408743784209,0.161886883612316,0.251182568563949,0.0906463059879216,0.227269987988712,0.232759211893229,0.163837031109635,0.216967640462529,0.0917921791101247,0.107121656604768,0.112685300377983,0.0680984049568429,0.061748217603532,0.19710040959286,0.183118087119993,0.197908170488616,0.131493313871207,0.184154435358156,0.0765267053484364,0.0803843527472947,0.164390413613194,0.163378068739771,0.0886577167555673,0.195525727615516,0.0552794220572012,0.109755189597769,0.172125811431654,0.111407848869898,0.0741859551185674,0.189057080004953,0.158087214407049,0.074770516855752,0.147924395719569,0.182697542998951,0.153409129977378,0.148350057125035,0.185135863022431,0.197704345186864
"H31-K4[un]",0.945991362698647,0.905930963976884,0.94586537429959,0.904772032679708,0.945692483240622,0.935047097323853,0.94211870023381,0.928674565214589,0.918602794225495,0.93027615243183,0.926109607642248,0.901970504973753,0.93237997124781,0.954434079731547,0.926775811016832,0.94498792134182,0.939003615477915,0.939756893489579,0.903513287343397,0.896087483174979,0.912488336393462,0.915505380695254,0.946486048520202,0.866914422979719,0.857716931554067,0.841695254182698,0.816909580292369,0.938186614042905,0.816672209381169,0.934896999656612,0.813370146018072,0.901576157291852,0.899092205444221,0.694839299846854,0.742689181193902,0.792727219354942,0.910573467435427,0.801567343055675,0.825883793503436,0.838324254155837,0.913159080290996,0.810670687029003,0.881526303139977,0.798304649980057,0.907209759682122,0.82296059781464,0.803128745095053,0.908559125621579,0.838113116387684,0.748817431436051,0.909353694012078,0.772730012011288,0.767240788106771,0.836162968890365,0.783032359537471,0.908207820889875,0.892878343395232,0.887314699622017,0.931901595043157,0.938251782396468,0.80289959040714,0.816881912880007,0.802091829511384,0.868506686128793,0.815845564641844,0.923473294651564,0.919615647252705,0.835609586386806,0.836621931260229,0.911342283244433,0.804474272384484,0.944720577942799,0.890244810402231,0.827874188568346,0.888592151130102,0.925814044881433,0.810942919995047,0.841912785592951,0.925229483144248,0.852075604280431,0.817302457001049,0.846590870022622,0.851649942874965,0.814864136977569,0.802295654813136
"H31-K79[me]",0.333197507190796,0.506302428740832,0.585906515580737,0.725744716258945,0.774265734265734,0.464188808682742,0.31708752407447,0.748858046380885,0.517184317718941,0.821415541773076,0.448154903886628,0.464365844001584,0.761429427031344,0.36993945150184,0.121209570046366,0.340985576923077,0.18548039638087,0.0851173310038652,0.401980851766259,0.559469374271954,0.46571914981428,0.614685282248713,0.294746411043415,0.214053796431444,0.147830030508754,0.452341842397336,0.0998198119966133,0.547126980973356,0.238257113059366,0.191309391125023,0.245863291121019,0.163370697248657,0.868504256181597,0.385472007380135,0.309386041271955,0.384076141383245,0.275173484879331,0.220267802398486,0.236090799262415,0.454796664465801,0.300413524689856,0.348975659060239,0.175108520246688,0.511559073187905,0.339396702519632,0.436301499905069,0.113239795348422,0.286987682417999,0.291300651742703,0.236384292417881,0.267828843106181,0.371577713859593,0.245745103074732,0.250729298380111,0.150927518655562,0.171403845848484,0.264656267365246,0.231068287887778,0.333796770805654,0.458114066991407,0.39796642574702,0.479531724888372,0.473035759691177,0.31057869400596,0.523757105632046,0.32539333190799,0.486137825484478,0.590392324824396,0.460919110779002,0.440470507188136,0.555902345507999,0.600095964874227,0.424894815659987,0.485094742727073,0.468607202362296,0.279091620320765,0.530221917893492,0.587860661138011,0.573133406595403,0.490030252183179,0.662620131512393,0.363506488352712,0.510246503405904,0.424242213280238,0.340137520270289
"H31-K79[un]",0.666802492809204,0.493697571259168,0.414093484419263,0.274255283741055,0.225734265734266,0.535811191317258,0.68291247592553,0.251141953619115,0.482815682281059,0.178584458226924,0.551845096113372,0.535634155998416,0.238570572968656,0.63006054849816,0.878790429953634,0.659014423076923,0.81451960361913,0.914882668996135,0.59801914823374,0.440530625728046,0.53428085018572,0.385314717751287,0.705253588956585,0.785946203568556,0.852169969491246,0.547658157602664,0.900180188003387,0.452873019026644,0.761742886940634,0.808690608874977,0.754136708878981,0.836629302751343,0.131495743818403,0.614527992619865,0.690613958728045,0.615923858616754,0.724826515120669,0.779732197601514,0.763909200737585,0.545203335534199,0.699586475310144,0.651024340939761,0.824891479753312,0.488440926812095,0.660603297480368,0.563698500094931,0.886760204651578,0.713012317582001,0.708699348257297,0.763615707582119,0.732171156893819,0.628422286140407,0.754254896925268,0.749270701619889,0.849072481344438,0.828596154151516,0.735343732634754,0.768931712112222,0.666203229194346,0.541885933008593,0.60203357425298,0.520468275111628,0.526964240308823,0.68942130599404,0.476242894367953,0.67460666809201,0.513862174515522,0.409607675175604,0.539080889220998,0.559529492811864,0.444097654492001,0.399904035125773,0.575105184340013,0.514905257272927,0.531392797637704,0.720908379679235,0.469778082106508,0.412139338861989,0.426866593404597,0.509969747816821,0.337379868487607,0.636493511647288,0.489753496594096,0.575757786719762,0.659862479729711
"H31-K9[ac];K14[ac]",0.011693277501932,0.00425640539922426,0.00477450447070187,0.00396679314236839,0.00719336142394084,0.00776929987726025,0.00691515589619367,0.00582736058544204,0.0124306451282681,0.0143352912105454,0.00483946498675423,0.00706280543611528,0.0132563566342349,0.00481852924209393,0.0075536536513015,0.00706794265256228,0.0052790864506897,0.000196708352941866,0.00538249860532722,0.00554486305372657,0.00394902451649986,0.00524198898378653,0.00283087776243647,0.00517690982746841,0.00634541117123787,0.00592884481912784,0.00466376370817482,0.00229516463698297,0.00806737838813361,0.00245177408738488,0.00833832706076237,0.00939228089987874,0.00915957504850045,0.00925151121546685,0.0108524303021457,0.0176128492954383,0.00677289037211753,0.0128617534647674,0.0119604923870334,0.00858930193945653,0.00987453335454213,0.0151642297625695,0.00671441970744071,0.0130036670313539,0.00933120073513954,0.0405148997927526,0.0141861787077389,0.0155656499588956,0.02006864112288,0.0138587556024317,0.0063262668599296,0.0107776351546175,0.0105326005229759,0.0128874203801651,0.0158259449766869,0.00202034818493787,0.00683141867004587,0.00499291252839682,0.00270347121391462,0.00290863838640215,0.0175800846990931,0.011455579947135,0.00659221157218135,0.00719027152748396,0.0164494017141328,0.00605096119518585,0.00309632757497508,0.0100648289549525,0.0243439211826014,0.00359142206487825,0.00686506231198969,0.00619429649450588,0.0127385211905605,0.0211537186985069,0.0690515472214398,0.00319065114020541,0.029427939175944,0.0104296825194441,0.00471867091067133,0.0185349682070335,0.0113021760888668,0.0247393062353692,0.018675693819387,0.0167013840874179,0.0176565843972217
"H31-K9[ac];K14[un]",0.00265519058611185,0.0130579818285564,0.00181178001056818,0.00145550327245247,0.00273920623780129,0.00136026015766364,0.00391276387618943,0.00212562175326409,0.00350817926826772,0.0029313489234591,0.00558036467379496,0.00116789409154654,0.00234053479918752,0.00221023394497299,0.00471593458812898,0.00423526524706067,0.00393671854030451,0.000614675716126508,0.00026187433785031,0.0050446098102622,0.00595383398169356,0.00554298256587552,0.00189790472714093,0.00420744204843971,0.00292467823697211,0.00886105138935046,0.006515567504165,0.00139371429276197,0.00654883615201633,0.00169344799504996,0.00670461040029122,0.0138742251931932,0.0113635065984721,0.00852608616009725,0.0114992336885126,0.0130582756149988,0.00975083431611171,0.00666795238029278,0.0142871029796988,0.00897170236826795,0.00465468013958709,0.00804329131272545,0.00484192214316374,0.0136276671193187,0.00719318435487821,0.0132084954512856,0.0141666892239396,0.00714275713225602,0.00756197563323643,0.0114732611078274,0.00335592034330351,0.00476259923473335,0.00984017153410801,0.00901792781134967,0.0109495081043125,0.00481641482528934,0.00457809284779862,0.00286080393518953,0.00189311125514895,0.00156061107303594,0.00596815130128937,0.00375095201827875,0.00332294982905485,0.00484163310620965,0.00802519535394352,0.00400089554225689,0.00375387749513596,0.00774263320834992,0.0174065490154917,0.00476463323358269,0.00653738719381178,0.00428350939813844,0.0055459498572798,0.00992780402185762,0.0366534545893525,0.00542296169386241,0.0168110786297484,0.00948224286232701,0.00309188186706427,0.0115490333667285,0.00716591561605729,0.0146428640523129,0.0129320498871833,0.0104179792872213,0.011672574855831
"H31-K9[me];K14[ac]",0.0701832367732952,0.0724097145378479,0.0808634225569533,0.0724264746082716,0.0787921700118298,0.0591010894734844,0.0689345378007778,0.0716789088712367,0.0647994594926602,0.0666392593013746,0.0734138471317465,0.0670034927758707,0.0747049054125618,0.0840937150154771,0.0780062515362838,0.0790901936614876,0.0750333295391263,0.0457988639073883,0.0484996391764009,0.0529512603732419,0.0469745209145948,0.0396985515157718,0.0488142789080105,0.0513601416433321,0.0596040385954227,0.0556441020145638,0.0831214934839135,0.0476849736611592,0.0336337398426946,0.0449764996442582,0.0378839527099863,0.080315226160752,0.0773685285680028,0.0398348903432083,0.0726171361844986,0.0591413900167184,0.0667422778711766,0.0301815946187557,0.071047959643091,0.0458540603081428,0.0461540238812283,0.0442531801416493,0.0617356428605495,0.0594325722548119,0.0488547037444003,0.0641365913159366,0.0579411525864169,0.0700524255571091,0.0516096784699018,0.0460593919702509,0.0414813175200463,0.0292580342421756,0.0849098789426027,0.0565925851476814,0.0564483406265262,0.0650312164858947,0.0550589155693805,0.105346347370595,0.0502485430973452,0.0470395386008138,0.0360582363755856,0.0330753550468169,0.0266532789141756,0.0415774530711558,0.0503860950430378,0.0353944924151201,0.0320625352648208,0.0389270837666158,0.081874040810074,0.0514677436723038,0.0295401804899012,0.0441602781795631,0.0492552902042357,0.0644335963835734,0.0521910587099111,0.0309060258183917,0.0614147723834157,0.0506576172775331,0.0442886840339723,0.0552587851476889,0.047539389041083,0.0496805413143996,0.0608543023542404,0.0586879630944981,0.063631073360068
"H31-K9[me];K14[un]",0.118031387484405,0.123227845323267,0.124242927826111,0.109696105982021,0.122602109523609,0.110554353465184,0.109827069240921,0.120206224475627,0.112356939581926,0.128465464532974,0.132626442156517,0.116950278613178,0.10888792562345,0.101850951030917,0.109401224908245,0.052162892936735,0.117099452641644,0.0672619308617119,0.082988574772374,0.0771753613589434,0.0843707962625365,0.0765190888310152,0.092295404493833,0.00640979378963271,0.0839924978452288,0.0867939927067861,0.0788999205924942,0.080985335807229,0.0725387081287054,0.0793343531384254,0.0700149476113678,0.0936718514880506,0.120296344417278,0.0905199330569016,0.0743668807473362,0.140834726534512,0.149348857049658,0.137286512047172,0.111473937868369,0.112814009582889,0.121617070359605,0.161855769800691,0.0903579434094672,0.107481953477632,0.150810885786797,0.222805125280236,0.0997742468126573,0.136021418270337,0.154683498096682,0.113345201817317,0.154948911467965,0.137150166601911,0.119649004153335,0.0939168561629207,0.125163094581494,0.118613487976364,0.170265468484474,0.117337551395903,0.0856679393004062,0.0847129007454133,0.0601825908142998,0.0718482594865821,0.0619891778526365,0.0785891644479014,0.0745216480769053,0.0758887349255429,0.0762544247266677,0.0941891626903719,0.0682148925849122,0.0806790400008508,0.0688397077782553,0.0876500834756926,0.0785633971210211,0.0670343885053216,0.0934570037423041,0.0746965102109999,0.0767549803050675,0.0847948685255838,0.0744436890679955,0.0733962567719762,0.0795416633382359,0.134581342258508,0.0828225829512634,0.0787949895533102,0.0862786968735114
"H31-K9[me2];K14[ac]",0.13027607584046,0.156784721756989,0.131476415700622,0.18097081339306,0.151695480619713,0.17175846841033,0.133964290444526,0.168401226238077,0.167888950310178,0.135039952066268,0.137830284038538,0.164188640798494,0.160611942733981,0.131817228862668,0.172612992377568,0.176372071507299,0.171249790667476,0.087206494197794,0.159472088631242,0.209754159036896,0.21284220695243,0.170031805241231,0.109619936928024,0.190839612020438,0.147261530581611,0.162839198876854,0.160275486954852,0.108044522778008,0.098438515112651,0.118233993894579,0.10451541118364,0.154412391811335,0.119299055874803,0.0926014970608316,0.117426288133119,0.129782660616193,0.110892530047926,0.0763031968452423,0.14820343197446,0.125599257424125,0.080912168016358,0.104509754375457,0.172102852237345,0.101920930667268,0.109336835649066,0.111659504300243,0.142092412635682,0.122038936127229,0.0941530980957278,0.154441302324264,0.0861891382424974,0.0845378063320972,0.118824035089675,0.18091510986595,0.13224571216145,0.111513878216782,0.150998595770447,0.130241678087979,0.0844494193998853,0.108924180004435,0.140432500341919,0.114475157923032,0.11690980515794,0.119691761388593,0.12493426697296,0.103989398715986,0.111591192319398,0.105656341175003,0.132411470847718,0.12924067646093,0.102265792866352,0.122741397517674,0.120148756671572,0.204675255222724,0.120427749386343,0.104018433855259,0.12969185390228,0.129058739297168,0.0932335045288342,0.175333849808485,0.134295132346238,0.162273404399389,0.143840289115808,0.121768528119275,0.114887063511403
"H31-K9[me2];K14[un]",0.277282209549594,0.34701889913301,0.295745335526598,0.358441372255289,0.262266907065391,0.396572144402688,0.297152235557322,0.334923692434045,0.33224515283664,0.311000704136034,0.348870634056284,0.355786892501938,0.302149227613505,0.220988452795131,0.309787543342674,0.350699495731239,0.324039725980822,0.235151735522673,0.273386572585254,0.260353761639459,0.25555261239831,0.289497446861744,0.282047681927803,0.288871327810013,0.278835465866379,0.25638043176007,0.268790774197232,0.206923301472849,0.204494314981782,0.217907479623435,0.207513723166337,0.157596415228808,0.181134751953023,0.156921824782268,0.13393665158371,0.150864580845474,0.193500112914962,0.19278245831997,0.115068097167649,0.176209463920356,0.201667260572335,0.163956280266328,0.163267252754241,0.183275972972824,0.174097167588842,0.0937695882721662,0.175545028828195,0.163650346936775,0.153402292570559,0.111133133480333,0.181500846120342,0.18586939701575,0.14442532729347,0.124714499290174,0.107666720930289,0.123385942369705,0.130580465632682,0.145747282353604,0.225829444529889,0.229551569929146,0.204856097475367,0.201646431611487,0.230197377965267,0.228790907074929,0.183806841770225,0.230415761543721,0.248932789502922,0.194735247104683,0.192402506588447,0.222357748976681,0.213166093682853,0.222314501491893,0.199748789048139,0.166899778087069,0.132006760291336,0.252078389694632,0.150643209918773,0.178655145695819,0.210148805190002,0.199275582758383,0.211039739113682,0.173361353479464,0.173442251050891,0.175171975907091,0.212757344548859
"H31-K9[me3];K14[ac]",0.0402630945345503,0.049107483188065,0.0397111538396623,0.0530238141232415,0.0476837649019515,0.0538764251097698,0.0395130108973346,0.0445620993689598,0.063230145568454,0.0461569917209347,0.0444728748392356,0.0501367390397457,0.0604584765300821,0.0392902312592578,0.0713512001208873,0.0606123857885202,0.0585937838218533,0.234831667694157,0.273397661726596,0.25504967467955,0.264913583709452,0.297731175580853,0.279006956323471,0.307202207403558,0.288832958691879,0.258230864356621,0.275042688021923,0.232307616569447,0.205775370847669,0.219360164710191,0.206109463100926,0.179046420277367,0.17937236800201,0.156431616459343,0.159125492628813,0.154139001671841,0.199627631545931,0.199067893138019,0.174829629174853,0.179514449506802,0.210787341189476,0.16799300384435,0.20687294042301,0.185411867547047,0.182734840456081,0.110784208534981,0.180766044988225,0.186738794312197,0.161023914643559,0.177010298210407,0.186902449821851,0.188161634468839,0.16807815652859,0.183456662939558,0.16346268323084,0.214201783877695,0.160843427819205,0.179133497925389,0.227981717608174,0.217023774801894,0.204371964333911,0.205278661350298,0.232471696669168,0.22787111075022,0.185700414233391,0.228110345328355,0.246016982927248,0.195357985370404,0.202746864636848,0.222547855715632,0.210847657928664,0.219989063896187,0.198809185973145,0.162990590983159,0.143756790471208,0.251618459508736,0.147706731009586,0.182022185388244,0.206394951504534,0.194966665720246,0.209975424433658,0.170175230706727,0.171245831500714,0.176453958816397,0.0936102933573668
"H31-K9[me3];K14[un]",0.000559829340445271,0.00612529656230292,0.00174556662429875,0.00697985500854713,0.00266480498190809,0.00427817636563793,0.00476329533867269,0.00685278615485588,0.00562516634932334,0.00293244230239363,0.00741979322285966,0.00431711823723428,0.00270492943858198,0.00209581699865851,0.00128781612242288,0.00190120347067035,0.000654817477877274,0.168970808157123,0.0108997729285057,0.00907936260568045,0.00787207999847648,0.00767798993908102,0.00201995512733182,0.00611871289319977,0.00816391971446188,0.00838968279267242,0.00922787878158784,0.151811877082915,0.169643397476259,0.16990279297767,0.160661075989576,0.160813768940675,0.129534585992029,0.131154143977619,0.158596372792293,0.0978051110580368,0.12762000351291,0.171219762199806,0.13699758513425,0.137898170361025,0.138245244237412,0.147298816331157,0.172643366998167,0.154434523973149,0.136543717179335,0.116755984481853,0.132515496846493,0.161088075335986,0.141756921671102,0.163442945743568,0.153576197242433,0.165878280966636,0.172185660154861,0.142217671520283,0.162283056872326,0.20411835979965,0.151538503880663,0.170608583819913,0.149363249422338,0.155488734611043,0.149662498683763,0.166231351641952,0.192332427489671,0.122845280951004,0.140495696216545,0.152945305361757,0.172462960492064,0.155076089346303,0.10978664495576,0.149344131750617,0.188073700042974,0.153147888374146,0.142398381951819,0.100747556329546,0.114512494467023,0.157885695438262,0.132866461253477,0.160552771211958,0.16821409651567,0.120075064660796,0.149456330205392,0.103676555940335,0.117370233544896,0.132182259825376,0.152217980409726
"H31-K9[un];K14[ac]",0.128598271516388,0.072293053222971,0.0972616220721674,0.0587364822259724,0.0906046094058068,0.0549393260701768,0.128837963384062,0.0751658305413036,0.0579305120488095,0.0566228148821994,0.0655945888681509,0.0730556381109745,0.066709246113541,0.151347584980275,0.0832399792055496,0.0947742849023301,0.0858704188910117,0.0573507059038033,0.0450457981537433,0.0427848988974169,0.0344089707432857,0.0289567956693316,0.0489138710005147,0.0425435177968303,0.0304132103347239,0.0490743315495932,0.0359108767522849,0.0530107021071766,0.0648424212898653,0.0537434293266763,0.0686054795858559,0.0459762002091966,0.0655469797763587,0.0511325789745383,0.0651820902058094,0.0751062813470265,0.0449863247434321,0.0427982811216395,0.0795345243942371,0.0592210797419287,0.0568398827354732,0.0566690687355655,0.042876674062786,0.0512614697813526,0.0493564278113344,0.0561431645047802,0.0568464932463525,0.0396632042996558,0.0656158554552037,0.0744670684962536,0.0541115379397505,0.0502399668688749,0.0466541063268686,0.0767265097930827,0.0737867828394129,0.0405992905885294,0.054843420792201,0.0392521544036198,0.0527067083641223,0.0495602167935028,0.0606219416401705,0.0479772411630303,0.0355677857776833,0.0567809218002176,0.0670257765722879,0.0333795223371233,0.0291057408294024,0.0509813475628235,0.06118816150418,0.045016744016623,0.0396067898581865,0.0429611865308909,0.0738887864931205,0.0742219906344059,0.0609683714941049,0.0356803210349345,0.0734869634545201,0.0595994468364735,0.0579596081055367,0.0597421139517244,0.0438460056481512,0.0622231035616862,0.0738653307497375,0.0833598020564271,0.0859394195024064
"H31-K9[un];K14[ub]",0.00430016281352548,0.0122921753754531,0.0529823937307608,0.0281393249526475,0.0775471889965503,0.0125333738247985,0.00742419817861799,0.0286573215266973,0.0525326044673751,0.0836216209124029,0.00329018840984573,0.0274614163237966,0.0782467412207421,0.048061283634814,3.51590610884946e-05,0.000695652541829062,0.00096662526827824,0.00550872632739073,0.014968634790219,0.01146764327736,0.0145997912089624,0.00862797723972964,0.0019336118206572,0.012552562955265,0.0131427593768864,0.00772954068125762,0.0147936702356794,0.000770979091479403,0.0048812375008394,0.000464262407031337,0.000674584008442818,0.0214402020207961,0.00949073574771899,0.142890001831776,0.0612310246679317,0.0343276809171244,0.0238988281936115,0.0160614755801428,0.0075873853962017,0.0123394408455952,0.0173444152280376,0.0195649031737465,0.0044592467767833,0.027377660247071,0.0199400098394266,0.0528000993884224,0.0087323714912162,0.0191150261927764,0.0139357941863808,0.00771333481984326,0.0178488550599425,0.0115246440574941,0.0117155516578038,0.00418608741535485,0.00257914187345561,0.00602074749219473,0.00563799922468727,0.0121683908153878,0.0018755161906955,0.00148238710035014,0.0382888798248406,0.0313908427041799,0.0233771633728455,0.00929863274674356,0.0280483979592778,0.0344832176591252,0.00511781393430257,0.0296751421661547,0.00643951536264117,0.0141509872920957,0.0309357541899441,0.0143187789391494,0.0033717463744584,0.0451287712057117,0.111298338095046,0.00368951963865246,0.059534741755625,0.0320520993732775,0.0316844190058273,0.00983060426240723,0.0166648653982604,0.01164536942096,0.0389023621382478,0.00194827631322754,0.00217074688364384
"H31-K9[un];K14[un]",0.216157264059293,0.143426423672313,0.169384877641557,0.126163461036129,0.156210396831499,0.127257082843007,0.198755479385383,0.141598928050493,0.127452244948099,0.152254110011415,0.176061517616273,0.132869084071106,0.129929713880132,0.213425972235735,0.16200824508585,0.172388611560267,0.157276250720917,0.0971076833588909,0.0856968842924872,0.0707944052674641,0.0685625793137596,0.0704741975715807,0.130619520980777,0.0847177718118222,0.0804835295851971,0.100127959053103,0.0627578797676941,0.114771812499991,0.131136080279385,0.0919318021952984,0.128978425182815,0.0834610177699484,0.0974335680218033,0.120735916137949,0.13516639906583,0.127327442082637,0.0668597094321632,0.114769120284192,0.129009853880157,0.132989064001412,0.111903380285946,0.110691702255761,0.0741277386270471,0.102771714928171,0.111801026854699,0.117422338677343,0.117433884633083,0.0789233658767829,0.136188330054767,0.127055306427504,0.113758559381939,0.131839835056872,0.11318550779571,0.11536866967348,0.149589013803208,0.109678530182958,0.108823691308416,0.0923107973640238,0.11728087961808,0.101747447953965,0.0819770545097607,0.112870167107208,0.0705861253993765,0.102522863135542,0.120606266087293,0.0953413649758264,0.0716053549330633,0.117594138654339,0.103185432511326,0.0768390168158052,0.103321873657069,0.0822390157021597,0.115531195114649,0.082786549928124,0.0656764315319303,0.0808130319660641,0.121661268211563,0.102695201012172,0.105821689269892,0.0820370753445308,0.0891733587703759,0.0930009286308499,0.106049072887631,0.144512882939758,0.159178222299962
"H4-K5[ac];K8[ac];K12[ac];K16[ac]",0.0101136868324063,0.00123105377190186,0.0065296702942299,0.00320852921909455,0.00726312893514541,0.00211890775757764,0.00492696264882783,0.00472534807540403,0.00610907555693772,0.0113533687238898,0.00424175942887812,0.00880146627830155,0.00766642005652435,0.0040347622344436,0.00645718290375079,0.00488880475172032,0.00514895872301648,0.00461597106597313,0.00621271787537759,0.00969976927949121,0.00821085880123297,0.00499263466881241,0.00434163103957064,0.00727964354655708,0.00877461582093962,0.0107500187883552,0.00833675235941447,0.00403122069046629,0.0229165471055226,0.0046367044582846,0.0190098398083198,0.0160248602282371,0.00926935313772441,0.0118222428340878,0.0192469177216654,0.0239373796653467,0.006368361717712,0.00907120780378243,0.0238458089025342,0.0108770638930947,0.0103637606431152,0.0198318035236117,0.0104585152094411,0.0186096143032818,0.00737886553137091,0.0545009663567723,0.0300346282088281,0.00963009786996282,0.0179027624757602,0.019333807139607,0.00791470459685947,0.0137968755974897,0.011448722441066,0.01840597460902,0.0134054940138835,0.00593152514100556,0.00997211357927806,0.00559040912489785,0.00423749816448411,0.0040744655792917,0.00761091277272739,0.0268698911084768,0.0135200430039573,0.00755820717499296,0.0422265079146886,0.00185887176524146,0.00209795973256765,0.0239648761358224,0.0490904412537777,0.00305222217986477,0.0325787243735719,0.00445001879152703,0.0144948038951495,0.0508001567542331,0.0153620682096122,0.00448925966535169,0.0635065715070921,0.025077767804207,0.0048958563799165,0.0337701539485242,0.0391411645256186,0.0615922916160052,0.0294412881732865,0.0475222025403115,0.0418117464330052
"H4-K5[ac];K8[ac];K12[ac];K16[un]",0.00949499898673348,0.00471310952749326,0.00613594653573001,0.00689410296105914,0.00807238769534499,0.0063771096372075,0.00390679495437146,0.0069690020919142,0.00487001518199037,0.00858386290032427,0.00434569985829053,0.00327558351658424,0.00587803083341933,0.00605552141783623,0.00597340844711844,0.00621685001043538,0.00549701191978835,0.0057542720792772,0.00415612466067324,0.00528984045499681,0.00506683524260219,0.00304024380666644,0.00437180223145052,0.0126729777792085,0.0068153625224795,0.00756103174982065,0.00977913718342187,0.00341962467627661,0.00509443964866582,0.00548126465986617,0.00534153175604895,0.00609847442657335,0.0164418359902627,0.00676597507055318,0.0145037718720424,0.0175848221742022,0.0134820890965741,0.0125633229044412,0.0139950873500702,0.00541832309123268,0.0228770758182101,0.00808385829604025,0.0102697827704114,0.007707630926756,0.0231502187032152,0.0284003009168966,0.00876738744393497,0.0172061560927264,0.00669658079529213,0.00763239719098672,0.0186024888676595,0.0097837467918736,0.00858811606386873,0.0134157480348998,0.0128688346688817,0.00807834022305189,0.0150759938928732,0.00606626591200742,0.00385684448684402,0.00350459359602352,0.0120506940353053,0.00911640170974447,0.0101176813385733,0.00901950245183744,0.0102597404288971,0.00932000612710744,0.00533917886909903,0.00519980355754446,0.0145585610815186,0.00439087619463118,0.0122764702775553,0.0121838717244775,0.0052841315411054,0.00974702830571251,0.0124287901976323,0.00603685246190471,0.0172298204677431,0.0138585746527695,0.00747691458700368,0.0119087483343971,0.0114124253993383,0.0134349209477999,0.0122366407144038,0.00754792063979011,0.00605198608217183
"H4-K5[ac];K8[ac];K12[un];K16[ac]",0.00417460522286751,0.00508112947952449,0.00282955638593344,0.0022431810962593,0.00440058403844497,0.00518497331385723,0.00511721161179292,0.00525163412125926,0.00358604511383077,0.00159249533168922,0.0051436240604306,0.00250045966220757,0.00330627176484163,0.00396372436227858,0.00559869010475168,0.00494928149778199,0.00475091902153959,0.00527883969916968,0.00248269814460324,0.00282108632375451,0.00517790609474342,0.0055671838695914,0.00507638749011451,0.0057367798015526,0.00567969984830928,0.0105901295427878,0.00435655520056715,0.00538576996879055,0.0205866864306704,0.00517277355872481,0.0192622311040296,0.00698156663421197,0.00886622126259668,0.00611825641047593,0.0201587581622777,0.0207862132217724,0.0112627903726442,0.00601660847136762,0.0134299237369458,0.00953075249118714,0.00408841893026548,0.0104482560974629,0.00545288183787292,0.0102882164957289,0.00599037691034488,0.0231120543977514,0.0186498183078993,0.00425310613985803,0.0158687542838776,0.0209457586336151,0.00385970074631285,0.00681395992035281,0.00581205228352044,0.0176623163375085,0.0117100789465114,0.00637106947134649,0.00847360300481919,0.00614032740765389,0.00402062384899378,0.00402159127415323,0.0258450198888437,0.0242363969562299,0.027685518320084,0.0106644023676229,0.0288785900342743,0.00128008973470004,0.00647683741584907,0.0178882096974399,0.0442243409510436,0.00418265045633508,0.0267652564960796,0.00287454708422912,0.0146652307327423,0.0366794984824019,0.018713813643473,0.00463614633869227,0.0427219057720543,0.0269618895452196,0.00501486658937614,0.0319787432926919,0.0333130166023269,0.0433374938095353,0.0312558955720593,0.0337910453197264,0.030784720041764
"H4-K5[ac];K8[ac];K12[un];K16[un]",0.00439582325680775,0.00300534581520906,0.00092110448757483,0.00355725678059741,0.00217445855135904,0.00221318686681205,0.00141454237894813,0.00293256307340192,0.00539423652755222,0.000940463669243383,0.00186411836935536,0.000848618704708152,0.00243426467148203,0.00151942563350597,0.00336945255904518,0.0027692553993761,0.0031302539307458,0.0105708034938789,0.00805825244690296,0.00212387231673526,0.00363197666106445,0.00217811799935675,0.00405110434585477,0.00171533819913745,0.00575615081120815,0.00364147917482173,0.0056327153626632,0.0036541993318909,0.00336638369442718,0.00293733892219519,0.00312715343958569,0.0024639008440324,0.00375023840841292,0.00180155284603423,0.00783812825723832,0.00062628469201395,0.00255129841878973,0.00039079535319986,0.00321770003380105,0.000395456585893306,0.000711508243963983,0.000187499526954402,0.00705037745307156,0.00209227259803818,0.000656401915979684,0.000464050202383994,0.00375720902763915,0.000491306869656612,0.000419729474923157,0.0058862915983053,0.00157037844628751,0.000454982559519428,0.00243772799737267,0.00617306434384667,0.00289883247360637,0.00521048458013768,0.00285736511087079,0.0015441726801363,0.00366819329708662,0.00207120870034067,0.0040530918050354,0.00534700316037015,0.00346707460940044,0.00241598922507993,0.004667775028715,0.00318783768195762,0.00215865735822161,0.00563182759530042,0.00730515225530349,0.00307256236615365,0.00511856043099961,0.00324187614006023,0.00307075640342943,0.00493030048757044,0.0085115734009735,0.00296783006548258,0.00489421449875887,0.00415377854521273,0.0038546040771247,0.00320809567214824,0.00667806757269779,0.00771197092029462,0.00492228511777758,0.00585047542621069,0.00714983056980034
"H4-K5[ac];K8[un];K12[ac];K16[ac]",0.0093731449646868,0.00249388640417746,0.00791011174370007,0.00466513366529336,0.0111704861080783,0.00600530333256736,0.00831324923498588,0.00473823494002786,0.0103021289832505,0.016127834853318,0.00583663697771029,0.0109500266783964,0.0106764391081846,0.00835860852875258,0.0134291185227567,0.0139591318843909,0.0132850413851895,0.00764234806175062,0.0014103717704508,0.00480146417795057,0.00539407917479286,0.00405415168419952,0.00935119285176089,0.00616210349199707,0.00766599211895189,0.0129973543971056,0.0080515721362906,0.00973914355369067,0.0331661957721378,0.0126247538450983,0.0318397161512115,0.005290280051419,0.0155019044223774,0.0250001700757427,0.0402997398419681,0.0583640173942199,0.00689918551198086,0.00995936073634283,0.0326549525068491,0.0195646440727037,0.00869556066710344,0.0209805806039045,0.00684762048339179,0.0179702976962216,0.0130306679110578,0.046186722559047,0.0315723311858147,0.00763889632856306,0.0289791138366139,0.0266326548393646,0.00888248959888907,0.0101980745356475,0.0162956296010403,0.0270912848691133,0.0271139634522396,0.0130982924508904,0.0164802972342351,0.010227804166015,0.00899555833056333,0.00781768892632796,0.0456337932904674,0.0370680767359906,0.0469667550881205,0.0194869002360016,0.0515256065177591,0.0101927571988651,0.0081969449049668,0.0373405418095377,0.0637576886355204,0.00578840419129779,0.039881439980239,0.011003136322461,0.0272374167456154,0.0672676792524321,0.0424281876979993,0.0137506463148607,0.0712222346454873,0.039424718528646,0.0116836052400999,0.0613924772347695,0.0537714725440731,0.0652502568110782,0.0441804937756488,0.0530320810387491,0.0469522888006459
"H4-K5[ac];K8[un];K12[ac];K16[un]",0.00107457048481052,0.00266724905476538,0.00746520983838937,0.00516134786142261,0.00622505535059627,0.0107728794856744,0.0213248437177175,0.0104845478500016,0.0142375976559786,0.00522072001266161,0.00250537616278296,0.00523778005625237,0.00679827365805974,0.0240676981325289,0.0234516720281933,0.0204283634623548,0.0182109484020315,0.00865976867269737,0.0119054046165989,0.00835769164917961,0.0115997709291348,0.00387099292944128,0.0246688365955353,0.0174599083479964,0.00330178945269029,0.0118709021540553,0.00518925149903898,0.0156326509909554,0.0174337059123268,0.0151336755829132,0.0185196403919082,0.0126767734809362,0.0137590857444563,0.0324676757391545,0.017615434092198,0.0194241648130225,0.010797374694377,0.0262888188989329,0.0182745572198965,0.017818912309601,0.016765361032904,0.0180365126190564,0.0176167700973117,0.0164967965994229,0.0167837829649187,0.0267337553122152,0.0118200909665519,0.0147832039937636,0.022233378359708,0.0124271145397953,0.0128732233720436,0.026079266319259,0.00972617776330999,0.0154400380022661,0.0147738158987279,0.00647014842252533,0.0100886731368145,0.0145617939352382,0.019631126533906,0.0194002377005856,0.0248323575504962,0.0241884095236146,0.0298250576532791,0.012662755725326,0.0296612416542249,0.0140576943101785,0.00945149902615818,0.00943954218656256,0.0134693714451746,0.0111350163218802,0.0284663875205564,0.0232817672741896,0.0148550437217836,0.0229732155963943,0.0317324865826714,0.0108948826727168,0.0156311365997837,0.0133968324760144,0.0103156473358298,0.0199418619194094,0.0155662056686934,0.0217389035119436,0.0201317838768353,0.0288191168039926,0.0280312230232612
"H4-K5[ac];K8[un];K12[un];K16[ac]",0.000515253938936285,0.00338815836925729,0.00444707495025283,0.00280828585263861,0.00574397222760894,0.00505117412398374,0.00603455197916367,0.00316360825364897,0.0026275102941469,0.00561290111102801,0.00399287269805424,0.00125776996957237,0.00291373578336064,0.00247241924349709,0.0119633101775629,0.0113013686303442,0.0109954572667624,0.0120486083585528,0.00313609948860464,0.0109355023386721,0.0119159833574418,0.00847110536032143,0.0106444086624859,0.00557871338775915,0.00856039110743218,0.0084726234046819,0.00696820978874549,0.0125749535800386,0.0208641119068047,0.0102971663772897,0.0227447353455506,0.00174799130658164,0.00571616561157018,0.0104999816470296,0.0224885144479019,0.0290240136910054,0.00484461916201793,0.009272599401259,0.0186111462074173,0.0152461266108106,0.0037886389636304,0.0113267422911685,0.00779668336251343,0.0147325821958061,0.00360138379999948,0.0430529513755506,0.0215338368554842,0.00492763903762516,0.0239193847434859,0.0135308516775252,0.00513082134227776,0.0114230097566786,0.00720555280231569,0.0137410448147989,0.0140109597351136,0.00574676578208915,0.00522779960660007,0.0049444257543378,0.012815563892444,0.0101515259744059,0.0247846152754918,0.0120874110579447,0.0203183628607286,0.0110552612360156,0.0229936934192232,0.00423223395152074,0.0043788622949017,0.0129515394921703,0.0451568128317705,0.00413295660162686,0.0213275973297934,0.00722474342003355,0.0165389917039866,0.0400944975839238,0.036971812921297,0.00668982545304367,0.027705875708937,0.0225229272659579,0.00443481133452095,0.0320224507531828,0.0298055112183641,0.0388481842934883,0.0334041086537142,0.0452397263213551,0.0422175181631597
"H4-K5[ac];K8[un];K12[un];K16[un]",0.00368725961689813,0.00108461214132865,0.000328874210963522,0.00184524692987082,0.000392651840501562,0.00176958924609242,0.00270212029252576,0.000989673786414366,0.00182752517836407,0.0006336698903303,0.00145248058687155,0.000500062924155086,0.000281760131482163,0.00326669989162266,0.00403171739112948,0.00400831049811423,0.00344233214422739,0.00515342441375805,0.00101685692023224,0.00204037796461084,0.000959776106703976,0.00133120289051756,0.00449271597607581,0.00262319958179265,0.00158258752098431,0.00227278004521704,0.00458407381350005,0.00475196731448863,0.00489861357616545,0.00592962549161153,0.00509076600243178,1.83593419763393e-05,0.00557188916673136,0.00307589893449574,0.000389569361316367,0.00524519697485314,0.00247216871356421,0.00118006893818416,0.00028290992357242,0.0032593832094672,0.00224817496531287,0.00265089687777968,0.000558446646977202,0.00245725086887283,0.0033405276021567,0.00297818390169433,0,0.00215775393502439,0.00322952659925965,0.000434227410455981,0.00231285966296459,0.00253686438109911,0.00150672374074806,0,0,0.00010563839250566,0,0,0.00465954949366941,0.00396574806331341,0.00315866824944928,0.00137973767518906,0.00326811173234556,0.00329040251745502,0.00255118704914355,0.00155972563731468,0.00176847998128723,0.00206256334232219,0.00573699866069326,0.00321667434900172,0.00357903408477495,0.00484364416995351,0.00228813626788622,0.00289777367382563,0.0084977679342391,0.00280416084924909,0.00209182553414964,0.00490626704035541,0.00233359021228124,0.00455637336638667,0.00404990876552115,0.00575913199300764,0.00380651110162491,0.00482517302284171,0.00498221849213069
"H4-K5[un];K8[ac];K12[ac];K16[ac]",6.30881604426857e-05,0.000705373034576935,0.0016319624920452,0.000871096278672123,0.00132685973525974,0.000969509956875048,0.00107289891902268,0.00117441878345075,0.00111569524604111,0.00124758325214231,0.000572679193763858,0.000890853308083727,0.00240635542407326,0.00129932257704416,0.00235562703563891,0.00213537798761301,0.00209822707005481,0.00139472211428183,0.00063207897556124,0.00195661529578041,0.000660237975199445,0.00137668008464656,0.00159755795309678,0.0019204679431752,0.0032803865800359,0.00384623896444681,0.00356711903116732,0.00246951433342587,0.00644824133759522,0.00223363413506158,0.00602047235549879,0.00428917708577128,0.00260833664894113,0.00402404725231979,0.00484538253293421,0.0071016142090733,0.00136520365516841,0.00400065142729562,0.00710134959795037,0.0036099033720716,0.00228502341906358,0.00281330344469083,0.00342769937532169,0.00322696043486429,0.0027380028694109,0.0109302290337677,0.0073967650095225,0.00240410441237831,0.00564367097556196,0.00489962650044045,0.00117591965720043,0.00354182239272875,0.00423267826387004,0.00526072838900082,0.00447160834526545,0.001572353939722,0.00264456422209751,0.00322433522816787,0.00193213820344181,0.00218692585260531,0.00979698373085268,0.00885118588785424,0.00881859271384605,0.00274790661899321,0.0117409562056618,0.00352925836693458,0.0027705467639087,0.00777456145224365,0.0110455893264721,0.000996895712848282,0.00897738994523399,0.00398070498048954,0.00408945034755719,0.0107243955793634,0.00578407064140044,0.00221996421106899,0.0142693750392638,0.00873723079628462,0.00266459353727573,0.007916779487428,0.0102980653181197,0.0130193758152457,0.00752083256055248,0.0098476567581291,0.00910206864442726
"H4-K5[un];K8[ac];K12[ac];K16[un]",0.0163992659901581,0.00424209910055994,0.0105355647598141,0.00886256597411589,0.00969269089424384,0.00903934485222195,0.00873820214869932,0.00663559772570094,0.0121356185369816,0.0118153787100424,0.00278807834811563,0.0055254094233451,0.0140030360258783,0.00637978287217691,0.0159722561207044,0.0121210564348249,0.0134281735649961,0.0198799870282614,0.0136703745105642,0.0106572039773329,0.00967765773925189,0.0141520178225689,0.0128176848026926,0.00880717941756549,0.00616705962437581,0.00864090001272791,0.0148185818909916,0.0158609048245199,0.00784947986575113,0.0129131352483063,0.00830257325442717,0.00907645206805443,0.0042211202304744,0.00519298210744184,0.00971388474586852,0.0128465845023078,0.00558976528190397,0.0041644759866334,0.00490508234737096,0.00447557124348894,0.00349749606125033,0.00519571872477771,0.0128238645463492,0.00557080952857049,0.00312221977955006,0.00415858219976878,0.00751357642335522,0.00650776819293554,0.00479720526183567,0.0136556864917046,0.00555746950011398,0.00572054429549484,0.00564414055969044,0.0104963146728884,0.0121807326287809,0.00452128521704687,0.0113006078741465,0.0118456877732758,0.0129878423268449,0.0119155844491623,0.00958835337376189,0.0133668277236173,0.00990133531872149,0.00956337115583994,0.0118556291215758,0.00521194310364054,0.00748460865030483,0.00777387028395013,0.0194892836695623,0.00879830257087892,0.011870138464315,0.00553664586332793,0.00931922574755855,0.0130541062530707,0.0284417553294731,0.0109095978334933,0.0104895610058306,0.0128245031752498,0.00961541230145997,0.0085093443459006,0.0120552506079342,0.0122871578952818,0.00886834665905809,0.014178262668198,0.0149637497068618
"H4-K5[un];K8[ac];K12[un];K16[ac]",0.00637274753970866,0.0160401842424948,0.0180806011061468,0.0167010482966629,0.0122379277619742,0.0168482073889426,0.0197518737982052,0.0205995013554322,0.0251408174352468,0.0210454715608979,0.0197571072326219,0.0117084779978951,0.0204585644598708,0.0233579548813683,0.0604402905601914,0.0486270118382916,0.0509098468639612,0.0454085276472057,0.0190439456835068,0.039040803524552,0.0313174713783707,0.0310464471159581,0.0466776158233723,0.0375389612386843,0.0460600300385013,0.0530779080887348,0.0410959449160816,0.0551785154987883,0.0672972093087119,0.0436456117496549,0.0655057225122871,0.0117930237839924,0.036197946815232,0.0311598468884709,0.048281957118895,0.078462129325915,0.0228034156025126,0.031000232614685,0.0560493330894265,0.042897207716478,0.0263474862257096,0.0530199267795459,0.0408674241019803,0.0502495629244451,0.027897208512365,0.0831245535178185,0.0783286422594525,0.0367178605856257,0.0843736595211559,0.0376378655200943,0.0166188994419546,0.0386326709380577,0.0341591316770323,0.04748048981422,0.0401592094489941,0.0198469292192138,0.0267972174177879,0.0269439552627157,0.0530197576053424,0.0484288552053886,0.0960165471417353,0.0584271824938383,0.105668079365774,0.0340880983732432,0.0778637453677418,0.0312326149113848,0.0253381152413959,0.0757179025043066,0.0917695365226131,0.0313438571562345,0.0822145922013216,0.0340333267207953,0.0628340100655242,0.0910469111665577,0.100392756504559,0.0285637078616194,0.128759455700056,0.0966365239120839,0.0315164565196987,0.121632345392005,0.109666837829639,0.0987634235024755,0.0848076791149004,0.121558099961534,0.116362926383845
"H4-K5[un];K8[ac];K12[un];K16[un]",0.00235761204504333,0.0104887323840495,0.00087664999947515,0.013445261442672,0.00161223850318362,0.0112179174406097,0.0161415636642316,0.0153977814332607,0.0104451340750594,0.0115214951710748,0.010557452296112,0.0137705241840633,0.0123583385912481,0.0197814177890287,0.0284262746172674,0.0261956975576414,0.0256779664061505,0.0267619738867071,0.0235458913667515,0.0138657255250862,0.0183206632480918,0.0202729791197594,0.0238784207480295,0.0156235236753512,0.0111099263026749,0.0139077407402191,0.0231151791042618,0.0286966952467779,0.0257497610412472,0.0335507567581267,0.0277272126923509,0.0225474471079567,0.0270083399095892,0.0201379665576139,0.018584112299874,0.0312020470219689,0.0187713009830454,0.0197486788282545,0.0160423443847788,0.0255284458411284,0.0165689325622803,0.0212304067024342,0.0171297905243357,0.0182080183579202,0.0162718471096176,0.02640044640318,0.018051830737062,0.0232481803640597,0.029676283700541,0.015975273494277,0.0140055425000985,0.0188418313949797,0.00804107118728829,0.0232750757450349,0.0193470084768296,0.0178710573270243,0.0130209549583688,0.0218650442119884,0.025126751826954,0.0219781920708837,0.022736880422986,0.0141000673868746,0.0181373024310285,0.0178712926300688,0.0190683500824049,0.0152983378819761,0.0150711572485465,0.0181001570433751,0.0182292942707175,0.0169340551756082,0.0141990354832063,0.0142093581238641,0.0156947439690134,0.0235689651383395,0.0473810438870182,0.0154686977611657,0.0139209824422201,0.0244707683485203,0.0135437505024982,0.0180526761439203,0.0167883397828182,0.0224010018758401,0.0261681267267239,0.0233125164038664,0.0247957566381388
"H4-K5[un];K8[un];K12[ac];K16[ac]",0.00488547542735337,0.00661596327723994,0.00698358112409284,0.0101199513884453,0.00603015340373562,0.011927117163215,0.0123834979317108,0.0153591566588447,0.0117617699578215,0.0116318864591861,0.0130620238481695,0.00599159665796793,0.014343538245961,0.0134215590355158,0.0307075439772221,0.0242070588538976,0.0253943377885758,0.0215967010615074,0.00720133810805471,0.0259264371961627,0.0182012084921606,0.0199802833853568,0.01875510420285,0.0152491899883002,0.0148119564008812,0.0325688645283323,0.0222089148161205,0.0280760251639172,0.0294564741555808,0.0231181417914105,0.0311596426631703,0.0410489402401783,0.021017496262432,0.0221878384066797,0.0547956321391521,0.0365916606509284,0.012559868219262,0.0173499642604079,0.0302293443456553,0.0229698312119965,0.0112644415346442,0.0230519733505235,0.0271306635785504,0.0289076219628511,0.0126391060199225,0.0531161121708162,0.0361238486893466,0.0135050878763167,0.0403480653602742,0.0292030567421569,0.0102333262300151,0.0221121923793326,0.0126051105958216,0.0242494320981348,0.019830684062642,0.0141583729976138,0.0145458639050247,0.0166829794196799,0.0264854590007377,0.0242553769560633,0.0372950716493883,0.0288625422041132,0.045049307003762,0.0160121762188501,0.0393841130168557,0.0131392876863429,0.012347865511905,0.0308744276684731,0.0467532218711446,0.0139017935664762,0.0383763232596391,0.0172233091048663,0.0298773746634146,0.0485775934485689,0.053819140805416,0.0141871412164623,0.0614538278515885,0.0436467274090722,0.0166312173793226,0.0576963892706286,0.0497823535132065,0.0427153580811143,0.0448821035377494,0.0553328908278295,0.0566795700846675
"H4-K5[un];K8[un];K12[ac];K16[un]",0.0258020443097092,0.0174718093568815,0.0229035950519582,0.0203868210961212,0.0145631311214566,0.022160028419672,0.0277374344255562,0.018376936722306,0.0211024635653106,0.0131775852055276,0.0200821730020181,0.0208939966060719,0.0266391493709726,0.0304389974890961,0.0444874681747681,0.0399300510601999,0.0429188748118854,0.0381088797170891,0.0383108880846604,0.0325458545242304,0.0297640341164825,0.0287215360879357,0.0388719354237385,0.0307293073984225,0.0241309474987667,0.0255957748911083,0.0284421751221938,0.0523216790244938,0.0356910034840968,0.0602001233244167,0.03680134487955,0.0252265230954272,0.0503526156261582,0.0299629744394404,0.0199299336465691,0.0451317915777577,0.0352375343565028,0.0282764821909916,0.0229332775100842,0.0329836969715362,0.0283923667689261,0.0335475992068802,0.031623234860609,0.0290226633073589,0.0339559268187565,0.0365248492362786,0.0233239823262816,0.0378377031403865,0.0314800775843376,0.0216566946198823,0.0283986277787614,0.025509753669742,0.0139182478397771,0.0312467854215297,0.0268317627201767,0.0243007386315696,0.0327471472468415,0.0412005100582612,0.0448752687719495,0.0383463986459448,0.0227997902251243,0.0206698526308614,0.0239885721496711,0.0307073384620863,0.0196863998419976,0.0307592293296909,0.029103904886835,0.0206679514434241,0.0228101088375909,0.032713972233796,0.0201979855635381,0.0353878943546469,0.0249028209523954,0.0300435547967264,0.0718155592002408,0.0327013048806461,0.0247304605025609,0.0268569672345427,0.0312171884337379,0.0279921421985696,0.0246135718830934,0.0244732755099142,0.0258574822831177,0.0307046503118684,0.0326214453604583
"H4-K5[un];K8[un];K12[un];K16[ac]",0.0841685934747078,0.124207158456175,0.0807810809477614,0.0972585419538035,0.0956074206726276,0.146398305735366,0.119477220912072,0.140814612944777,0.12929577294839,0.137305999152008,0.141694315624347,0.12066492600625,0.116803480316207,0.0966498512137188,0.17147841993277,0.186713999386524,0.186356464815005,0.199497972189518,0.0791025863899066,0.192146215000971,0.1505046877328,0.159457700024235,0.208461340399337,0.137833801040744,0.185816217855626,0.175516903623133,0.150546797475187,0.223341972295206,0.222685984424134,0.235282166099655,0.227460292771883,0.206720892345554,0.0157539073820106,0.199157720399358,0.208872477781565,0.00791219844125429,0.192864692671142,0.207783053664177,0.203077731492722,0.249286099747609,0.136145625393555,0.223981828905015,0.167976760177816,0.196459707254289,0.181360605412462,0.212820810509756,0.202116004282386,0.196739551407939,0.231047831260209,0.17819128893798,0.169963119784922,0.221529214142744,0.15811866815695,0.169697590087492,0.150671232213428,0.16198605039102,0.146174301548094,0.143397263298732,0.207201516543163,0.212118056075149,0.176703097102233,0.213860858158837,0.238164312041402,0.186613808119638,0.207242365121537,0.141867487379172,0.171041130794419,0.21747244713045,0.20327333229559,0.15645013886644,0.18756763730367,0.181642123832899,0.198884185594942,0.144231927080246,0.149763130270701,0.157866483128341,0.177407774645912,0.206502818500953,0.140242488294046,0.22790987103733,0.196740156723036,0.175872497752061,0.1715260828209,0.205260528506183,0.20486091583962
"H4-K5[un];K8[un];K12[un];K16[un]",0.81712182974873,0.796564135584364,0.821639416071932,0.801971629203271,0.813486853160439,0.741946445279326,0.740957031382169,0.742387382184155,0.740048593743098,0.742189283996636,0.762103602312478,0.787182448026145,0.753032341558435,0.754932254697585,0.571857567447129,0.591548380746489,0.58875518588607,0.587627200510371,0.780114370957551,0.637791540450493,0.689596852949927,0.691486723150633,0.581942261454034,0.693068905161756,0.660486886496143,0.618689349894453,0.663307020300355,0.534865163506273,0.476495162336162,0.526843127997385,0.472087124871746,0.627995337959097,0.763963543381031,0.590624870391101,0.492435785978534,0.605759881644358,0.652130331542803,0.612933678520045,0.535349451350926,0.536138581631701,0.705960128770065,0.545613093050154,0.632969484974047,0.577999994545573,0.648082858138872,0.347495431906303,0.501010048276442,0.621951583753179,0.453383975767164,0.59195740466381,0.69290042847364,0.583025190925,0.700260249026329,0.576364112760247,0.629725782914919,0.704730947813238,0.684593497262148,0.685765025766892,0.566486307673575,0.585763550930361,0.477094123486102,0.501568155586444,0.395103894369305,0.626242587486949,0.420394099195299,0.713272624933973,0.696974251319634,0.507139778657077,0.343330266091507,0.699889622056927,0.466603427285506,0.638883032092179,0.555963677647896,0.403362396400634,0.367956042773294,0.685813499285902,0.323964978078562,0.430021704764911,0.704558997275808,0.331511547602708,0.38631765204552,0.352794755664915,0.450990339311648,0.313177653449414,0.332632035736043
