"ptm","mean","cv","cv.squared","Protein.Name","Peptide.Sequence","Precursor.Charge","Protein.Name.Readable","PTM.Name.Readable"
"H1.2K33ac",0.257242139277932,0.389687726294147,0.151856524024302,"H12","KASGPPVSELITKAVAASKER",3,"H12","H1.2K33ac"
"H1.5K33ac",0.479513672149284,0.112080776746768,0.0125621005161589,"H1.5","KATGPPVSELITKAVAASKER",3,"H1.5","H1.5K33ac"
"H1K25me",0.361032632543711,0.156793728872234,0.0245842734136598,"H1.4","KSAGAAKR",2,"H1.4","H1K25me"
"H2A1AK5ac",0.08954314528316,0.447167750111954,0.199958996740187,"H2A1A","GKQGGKAR",2,"H2A1A","H2A1AK5ac"
"H2A1BK15ac",0.365103585196404,0.0995608649959961,0.00991236583875095,"H2A1B","AKAKTR",2,"H2A1B","H2A1BK15ac"
"H2AJK5acK9ac",0.681933889809689,0.0102696127963616,0.000105464946987195,"H2AJ","GKQGGKVR",2,"H2AJ","H2AJK5acK9ac"
"H2AJK5acT6ac",0.633626062636042,0.02438227163769,0.000594495170214102,"H2AX","GKTGGKAR",2,"H2AX","H2AJK5acT6ac"
"H3K14ac",0.0549101051011527,0.296163260033379,0.0877126765935989,"H3.1","KSTGGKAPR",2,"H3.1","H3K14ac"
"H3K18ac",0.0819256344207581,0.465271341613262,0.216477421326605,"H3.1","KQLATKAAR",2,"H3.1","H3K18ac"
"H3K18acK23ac",0.0568133657408434,1.36093116872308,1.85213364600196,"H3.1","KQLATKAAR",2,"H3.1","H3K18acK23ac"
"H3K23ac",0.152699858109562,0.395676954550277,0.156560252362182,"H3.1","KQLATKAAR",2,"H3.1","H3K23ac"
"H3K23su",0.00770079792779454,0.535495693907735,0.286755638193727,"H3.1","KQLATKAAR",2,"H3.1","H3K23su"
"H3K27me2K36me",0.188172200535274,0.489046858329444,0.239166829641899,"H3.1","KSAPATGGVKKPHR",3,"H3.1","H3K27me2K36me"
"H3K27meK36me2",0.194217091075956,0.529878137954922,0.280770841082575,"H3.1","KSAPATGGVKKPHR",3,"H3.1","H3K27meK36me2"
"H3K36me2",0.417132604607724,0.276206539597962,0.0762900525166804,"H3.1","KSAPATGGVKKPHR",3,"H3.1","H3K36me2"
"H3K4me",0.133676346592257,0.384702823246675,0.147996262213963,"H3.1","TKQTAR",1,"H3.1","H3K4me"
"H3K79me",0.334357286788496,0.281123183950252,0.0790302445543271,"H3.1","EIAQDFKTDLR",2,"H3.1","H3K79me"
"H3K9ac",0.00736045050119315,0.715951511123228,0.512586566279633,"H3.1","KSTGGKAPR",2,"H3.1","H3K9ac"
"H3K9acK14ac",0.0106200339619918,0.865569264517467,0.749210151677309,"H3.1","KSTGGKAPR",2,"H3.1","H3K9acK14ac"
"H3K9me",0.0889864847821797,0.22850525934243,0.0522146535471514,"H3.1","KSTGGKAPR",2,"H3.1","H3K9me"
"H3K9me2",0.207176765120246,0.140456154318002,0.0197279312858025,"H3.1","KSTGGKAPR",2,"H3.1","H3K9me2"
"H3K9me2K14ac",0.141292443460377,0.161513607512125,0.0260866454115808,"H3.1","KSTGGKAPR",2,"H3.1","H3K9me2K14ac"
"H3K9me3",0.0628490249133694,0.288723458773573,0.0833612356461749,"H3.1","KSTGGKAPR",2,"H3.1","H3K9me3"
"H3K9me3K14ac",0.169801007006745,0.119236892089857,0.0142174364352481,"H3.1","KSTGGKAPR",2,"H3.1","H3K9me3K14ac"
"H3K9meK14ac",0.0563190554757248,0.22632490102961,0.0512229608260629,"H3.1","KSTGGKAPR",2,"H3.1","H3K9meK14ac"
"H4K12ac",0.0252325127752025,0.325717687353505,0.106092011854916,"H4","GKGGKGLGKGGAKR",2,"H4","H4K12ac"
"H4K12acK16ac",0.0241818089264031,0.518971009728557,0.269330908938678,"H4","GKGGKGLGKGGAKR",2,"H4","H4K12acK16ac"
"H4K16ac",0.14290180401122,0.24508436145655,0.0600663442305647,"H4","GKGGKGLGKGGAKR",2,"H4","H4K16ac"
"H4K5ac",0.00192992778726064,0.78446319727127,0.615382507873064,"H4","GKGGKGLGKGGAKR",2,"H4","H4K5ac"
"H4K5acK12ac",0.0132204501360162,0.482999117251579,0.233288147265804,"H4","GKGGKGLGKGGAKR",2,"H4","H4K5acK12ac"
"H4K5acK12acK16ac",0.0202749957968942,0.7801965979214,0.608706731408126,"H4","GKGGKGLGKGGAKR",2,"H4","H4K5acK12acK16ac"
"H4K5acK16ac",0.0126278993531338,0.774615871750818,0.60002974876828,"H4","GKGGKGLGKGGAKR",2,"H4","H4K5acK16ac"
"H4K5acK8ac",0.00399429916419603,0.498723746016541,0.248725374840771,"H4","GKGGKGLGKGGAKR",2,"H4","H4K5acK8ac"
"H4K5acK8acK12ac",0.00824070063151516,0.501508213935178,0.251510488644452,"H4","GKGGKGLGKGGAKR",2,"H4","H4K5acK8acK12ac"
"H4K5acK8acK12acK16ac",0.0151662629225378,0.868623671798636,0.754507083208945,"H4","GKGGKGLGKGGAKR",2,"H4","H4K5acK8acK12acK16ac"
"H4K5acK8acK16ac",0.0117997728796214,0.787921195724268,0.620819810671561,"H4","GKGGKGLGKGGAKR",2,"H4","H4K5acK8acK16ac"
"H4K8ac",0.016623328556684,0.338373279643416,0.114496476376641,"H4","GKGGKGLGKGGAKR",2,"H4","H4K8ac"
"H4K8acK12ac",0.00991684298370347,0.382033014226592,0.145949223959056,"H4","GKGGKGLGKGGAKR",2,"H4","H4K8acK12ac"
"H4K8acK12acK16ac",0.0041578578189874,0.687987556525819,0.473326877934367,"H4","GKGGKGLGKGGAKR",2,"H4","H4K8acK12acK16ac"
"H4K8acK16ac",0.0444767198392723,0.502169439834443,0.252174146303638,"H4","GKGGKGLGKGGAKR",2,"H4","H4K8acK16ac"
