"ptm","mean","mean.log1p","variance","vmr","Protein.Name","Peptide.Sequence","Precursor.Charge","Protein.Name.Readable","PTM.Name.Readable"
"H1-K25[me];K31[un]",0.361032632543711,0.308243700269259,0.00320442634432697,0.00887572494970796,"H1.4","KSAGAAKR",2,"H1.4","H1K25me"
"H1-K25[un];K31[un]",0.396890781946131,0.334248896793473,0.00316386524550129,0.00797162692967435,"H1.4","KSAGAAKR",2,"H1.4","H1"
"H1.2-K33[ac];K45[un];K51[un]",0.257242139277932,0.22892054373616,0.0100488804593916,0.0390638971033223,"H12","KASGPPVSELITKAVAASKER",3,"H12","H1.2K33ac"
"H1.2-K33[un];K45[un];K51[un]",0.490741834863643,0.399273871805772,0.0083856999419469,0.0170878032933079,"H12","KASGPPVSELITKAVAASKER",3,"H12","H1.2"
"H1.5-K33[ac];K45[un];K51[un]",0.479513672149284,0.391713433876114,0.00288844600267471,0.00602369894841178,"H1.5","KATGPPVSELITKAVAASKER",3,"H1.5","H1.5K33ac"
"H1.5-K33[un];K45[un];K51[un]",0.297876674609363,0.260729601910792,0.00336313805775049,0.0112903706279148,"H1.5","KATGPPVSELITKAVAASKER",3,"H1.5","H1.5"
"H2A1A-K5[ac];K9[un]",0.08954314528316,0.0857584756126196,0.00160326621033356,0.0179049574957814,"H2A1A","GKQGGKAR",2,"H2A1A","H2A1AK5ac"
"H2A1A-K5[un];K9[un]",0.64435583135665,0.497348715644757,0.000588108013728178,0.000912706900611039,"H2A1A","GKQGGKAR",2,"H2A1A","H2A1A"
"H2A1B-K13[un];K15[ac]",0.365103585196404,0.311230312348453,0.00132132459051065,0.00361904030550633,"H2A1B","AKAKTR",2,"H2A1B","H2A1BK15ac"
"H2A1B-K13[un];K15[un]",0.439482142763102,0.364283425826842,0.00110131993736318,0.00250594923024401,"H2A1B","AKAKTR",2,"H2A1B","H2A1B"
"H2AJ-K5[ac];K9[ac]",0.681933889809689,0.519944256265644,4.90447682356874e-05,7.19201215375505e-05,"H2AJ","GKQGGKVR",2,"H2AJ","H2AJK5acK9ac"
"H2AJ-K5[ac];T6[ac];K9[un]",0.633626062636042,0.49080212241219,0.000238679102349068,0.000376687633958905,"H2AX","GKTGGKAR",2,"H2AX","H2AJK5acT6ac"
"H2AJ-K5[un];K9[un]",0.0218797985147715,0.0216438708867277,0.000171683925058087,0.00784668674815174,"H2AJ","GKQGGKVR",2,"H2AJ","H2AJ"
"H2AX-K5[un];K9[un]",0.108934581126787,0.103399717563191,0.000691999953405288,0.00635243598724524,"H2AX","GKTGGKAR",2,"H2AX","H2AX"
"H31-K18[ac];K23[ac]",0.0568133657408434,0.0552581215162164,0.00597824016866127,0.105225946231231,"H3.1","KQLATKAAR",2,"H3.1","H3K18acK23ac"
"H31-K18[ac];K23[un]",0.0819256344207581,0.0787424483217736,0.00145295522928397,0.0177350500799519,"H3.1","KQLATKAAR",2,"H3.1","H3K18ac"
"H31-K18[un];K23[ac]",0.152699858109562,0.142106893530836,0.00365055402252673,0.0239067283213024,"H3.1","KQLATKAAR",2,"H3.1","H3K23ac"
"H31-K18[un];K23[su]",0.00770079792779454,0.00767129813460436,1.70052656496071e-05,0.00220824722438565,"H3.1","KQLATKAAR",2,"H3.1","H3K23su"
"H31-K18[un];K23[un]",0.514237570961122,0.414912058795784,0.00356405392048509,0.006930753647237,"H3.1","KQLATKAAR",2,"H3.1","H3"
"H31-K27[me2];K36[me];K37[un]",0.188172200535274,0.172416160381742,0.00846860494957075,0.0450045486287612,"H3.1","KSAPATGGVKKPHR",3,"H3.1","H3K27me2K36me"
"H31-K27[me];K36[me2];K37[un]",0.194217091075956,0.177490816765033,0.0105907543107695,0.0545304960140072,"H3.1","KSAPATGGVKKPHR",3,"H3.1","H3K27meK36me2"
"H31-K27[un];K36[me2];K37[un]",0.417132604607724,0.34863553756349,0.0132744393715703,0.0318230683119429,"H3.1","KSAPATGGVKKPHR",3,"H3.1","H3K36me2"
"H31-K4[me]",0.133676346592257,0.125465755919958,0.00264459932259611,0.0197835996420722,"H3.1","TKQTAR",1,"H3.1","H3K4me"
"H31-K4[un]",0.617759273615867,0.481042027354736,0.00102445196471981,0.00165833522615288,"H3.1","TKQTAR",1,"H3.1","H3"
"H31-K79[me]",0.334357286788496,0.28844974280885,0.00883517000681438,0.0264243381434161,"H3.1","EIAQDFKTDLR",2,"H3.1","H3K79me"
"H31-K79[un]",0.455606772719473,0.375422839616349,0.00834483122685062,0.0183158629908882,"H3.1","EIAQDFKTDLR",2,"H3.1","H3"
"H31-K9[ac];K14[ac]",0.0106200339619918,0.0105640375085818,8.44997578764688e-05,0.00795663725548206,"H3.1","KSTGGKAPR",2,"H3.1","H3K9acK14ac"
"H31-K9[ac];K14[un]",0.00736045050119315,0.00733349457642151,2.77700085198261e-05,0.0037728680486778,"H3.1","KSTGGKAPR",2,"H3.1","H3K9ac"
"H31-K9[me2];K14[ac]",0.141292443460377,0.132161342562225,0.000520782169457212,0.00368584587188668,"H3.1","KSTGGKAPR",2,"H3.1","H3K9me2K14ac"
"H31-K9[me2];K14[un]",0.207176765120246,0.188284381367993,0.000846766449082895,0.00408716898630707,"H3.1","KSTGGKAPR",2,"H3.1","H3K9me2"
"H31-K9[me3];K14[ac]",0.169801007006745,0.156833654863095,0.000409922558084619,0.00241413502375952,"H3.1","KSTGGKAPR",2,"H3.1","H3K9me3K14ac"
"H31-K9[me3];K14[un]",0.0628490249133694,0.0609530619101941,0.000329276875180619,0.0052391723759357,"H3.1","KSTGGKAPR",2,"H3.1","H3K9me3"
"H31-K9[me];K14[ac]",0.0563190554757248,0.0547902755173838,0.00016247083167042,0.00288482877239392,"H3.1","KSTGGKAPR",2,"H3.1","H3K9meK14ac"
"H31-K9[me];K14[un]",0.0889864847821797,0.0852474332054722,0.000413466667034507,0.00464639847328037,"H3.1","KSTGGKAPR",2,"H3.1","H3K9me"
"H31-K9[un];K14[ac]",0.0549101051011527,0.0534555548626585,0.000264464214069018,0.00481631229045793,"H3.1","KSTGGKAPR",2,"H3.1","H3K14ac"
"H31-K9[un];K14[ub]",0.0245947452147876,0.0242971638886809,0.000558780985897179,0.0227195273224954,"H3.1","KSTGGKAPR",2,"H3.1","H3K14ub"
"H31-K9[un];K14[un]",0.102320302857659,0.0974173244491537,0.000364151454062723,0.00355893643678231,"H3.1","KSTGGKAPR",2,"H3.1","H3"
"H4-K5[ac];K8[ac];K12[ac];K16[ac]",0.0151662629225378,0.0150524049140524,0.000173548347414386,0.011443052800864,"H4","GKGGKGLGKGGAKR",2,"H4","H4K5acK8acK12acK16ac"
"H4-K5[ac];K8[ac];K12[ac];K16[un]",0.00824070063151516,0.0082069314523517,1.70798627198078e-05,0.00207262264260502,"H4","GKGGKGLGKGGAKR",2,"H4","H4K5acK8acK12ac"
"H4-K5[ac];K8[ac];K12[un];K16[ac]",0.0117997728796214,0.01173069840406,8.64396228503345e-05,0.007325532765094,"H4","GKGGKGLGKGGAKR",2,"H4","H4K5acK8acK16ac"
"H4-K5[ac];K8[ac];K12[un];K16[un]",0.00399429916419603,0.00398634313010612,3.96827054073186e-06,0.000993483556840837,"H4","GKGGKGLGKGGAKR",2,"H4","H4K5acK8ac"
"H4-K5[ac];K8[un];K12[ac];K16[ac]",0.0202749957968942,0.0200721946820722,0.000250224396309808,0.0123415264208409,"H4","GKGGKGLGKGGAKR",2,"H4","H4K5acK12acK16ac"
"H4-K5[ac];K8[un];K12[ac];K16[un]",0.0132204501360162,0.0131338226527254,4.07741727852215e-05,0.00308417431825117,"H4","GKGGKGLGKGGAKR",2,"H4","H4K5acK12ac"
"H4-K5[ac];K8[un];K12[un];K16[ac]",0.0126278993531338,0.0125488323695878,9.56830490966124e-05,0.00757711527633197,"H4","GKGGKGLGKGGAKR",2,"H4","H4K5acK16ac"
"H4-K5[ac];K8[un];K12[un];K16[un]",0.00192992778726064,0.00192806786924912,2.29206677434273e-06,0.00118764380173836,"H4","GKGGKGLGKGGAKR",2,"H4","H4K5ac"
"H4-K5[un];K8[ac];K12[ac];K16[ac]",0.0041578578189874,0.00414923781374279,8.18277171145186e-06,0.0019680258603563,"H4","GKGGKGLGKGGAKR",2,"H4","H4K8acK12acK16ac"
"H4-K5[un];K8[ac];K12[ac];K16[un]",0.00991684298370347,0.00986799378406312,1.43531976079266e-05,0.00144735553759533,"H4","GKGGKGLGKGGAKR",2,"H4","H4K8acK12ac"
"H4-K5[un];K8[ac];K12[un];K16[ac]",0.0444767198392723,0.043516013436054,0.000498845501623062,0.0112158788558546,"H4","GKGGKGLGKGGAKR",2,"H4","H4K8acK16ac"
"H4-K5[un];K8[ac];K12[un];K16[un]",0.016623328556684,0.0164866733934632,3.16393897881018e-05,0.00190331254539152,"H4","GKGGKGLGKGGAKR",2,"H4","H4K8ac"
"H4-K5[un];K8[un];K12[ac];K16[ac]",0.0241818089264031,0.0238940586372649,0.000157493910786624,0.00651290857792957,"H4","GKGGKGLGKGGAKR",2,"H4","H4K12acK16ac"
"H4-K5[un];K8[un];K12[ac];K16[un]",0.0252325127752025,0.024919428597581,6.7546630381052e-05,0.0026769680444761,"H4","GKGGKGLGKGGAKR",2,"H4","H4K12ac"
"H4-K5[un];K8[un];K12[un];K16[ac]",0.14290180401122,0.133570470370795,0.00122661034597534,0.00858358895090664,"H4","GKGGKGLGKGGAKR",2,"H4","H4K16ac"
"H4-K5[un];K8[un];K12[un];K16[un]",0.485262508824217,0.395591530251049,0.00423853670859646,0.00873452333844288,"H4","GKGGKGLGKGGAKR",2,"H4","H4"
