"","nabut_1_C2_ctrl_100_Slot1-1_1_3703","nabut_1_C3_treat_100_Slot1-1_1_3665","nabut_1_C4_ctrl_100_Slot1-1_1_3704","nabut_1_C5_treat_100_Slot1-1_1_3666","nabut_1_D2_mix_Slot1-1_1_3691","nabut_1_D3_mix_Slot1-1_1_3720","nabut_1_D5_treat_Slot1-1_1_3713","nabut_1_E2_mix_Slot1-1_1_3692","nabut_1_E3_mix_Slot1-1_1_3721","nabut_1_E4_ctrl_Slot1-1_1_3707","nabut_1_E5_treat_Slot1-1_1_3714","nabut_1_F2_mix_Slot1-1_1_3693","nabut_1_F3_mix_Slot1-1_1_3722","nabut_1_F4_ctrl_Slot1-1_1_3708","nabut_1_F5_treat_Slot1-1_1_3715","nabut_1_G2_mix_Slot1-1_1_3694","nabut_1_G3_mix_Slot1-1_1_3723","nabut_1_G4_ctrl_Slot1-1_1_3709","nabut_1_H2_mix_Slot1-1_1_3695","nabut_1_H4_ctrl_Slot1-1_1_3710","nabut_1_H5_treat_Slot1-1_1_3717","nabut_1_I2_mix_Slot1-1_1_3696","nabut_1_I4_ctrl_Slot1-1_1_3711","nabut_1_I5_treat_Slot1-1_1_3718","nabut_1_J2_mix_Slot1-1_1_3697","nabut_1_K2_mix_Slot1-1_1_3698","nabut_1_L2_mix_Slot1-1_1_3699","nabut_1_M2_mix_Slot1-1_1_3700","nabut_1_N2_mix_Slot1-1_1_3701","nabut_1_O2_mix_Slot1-1_1_3702","nabut_4_D2_mix_Slot1-1_1_3640","nabut_4_D5_treat_Slot1-1_1_3675","nabut_4_E2_mix_Slot1-1_1_3641","nabut_4_E3_mix_Slot1-1_1_3682","nabut_4_E5_treat_Slot1-1_1_3676","nabut_4_F2_mix_Slot1-1_1_3642","nabut_4_F3_mix_Slot1-1_1_3683","nabut_4_F5_treat_Slot1-1_1_3677","nabut_4_G2_mix_Slot1-1_1_3643","nabut_4_G3_mix_Slot1-1_1_3684","nabut_4_G5_treat_Slot1-1_1_3678","nabut_4_H2_mix_Slot1-1_1_3644","nabut_4_H3_mix_Slot1-1_1_3685","nabut_4_H5_treat_Slot1-1_1_3679","nabut_4_I2_mix_Slot1-1_1_3645","nabut_4_I3_mix_Slot1-1_1_3686","nabut_4_I5_treat_Slot1-1_1_3680","nabut_4_J2_mix_Slot1-1_1_3646","nabut_4_K2_mix_Slot1-1_1_3647","nabut_4_L2_mix_Slot1-1_1_3648","nabut_4_M2_mix_Slot1-1_1_3649","nabut_4_N2_mix_Slot1-1_1_3650","nabut_4_O2_mix_Slot1-1_1_3651","nabut_4_control_C2_100_Slot1-1_1_3652","nabut_4_control_C4_100_Slot1-1_1_3653","nabut_4_treat_C3_100_Slot1-1_1_3655","nabut_4_treat_C5_100_Slot1-1_1_3656"
"H1-K25[un];K31[un]",-9.62528900657095,-8.15137259508275,-9.25474477977567,-7.95630870067318,-8.32261676430061,-8.49287510496286,-8.38454161206942,-8.29882090925941,-8.58176258463346,-8.8106819593056,-8.23680206748358,-7.57026885132608,-9.17473321963586,-8.70477894814535,-8.37869988214332,-8.90214019801495,-8.33618311108936,-8.8388531090367,-7.55869152560527,-8.77061636318736,-8.8132549533671,-8.15660060516216,-8.65938102931823,-9.57406434485912,-8.39243625055546,-7.92409333568607,-8.24999430782104,-9.40885894062478,-9.24386910376243,-9.54498749984825,-8.32161048218152,-8.94551982939092,-8.25577766361484,-8.54247068220799,-8.59628223673987,-9.35141317748187,-9.15274886880727,-9.11375780391531,-7.58047400832472,-8.86747953640915,-8.6079566044854,-9.40082307970169,-8.92963686578641,-7.88578543787189,-10.0460577755991,-9.49388569698539,-7.93182354269893,-8.11042960277987,-8.97122406981146,-8.35110558755246,-8.07492353858617,-7.39591858298513,-8.11538081814134,-8.80030471444595,-8.90605165344289,-7.41063160169434,-7.51222520687899
"H1.2-K33[un];K45[un];K51[un]",-6.45467150052586,-6.42498228796194,-6.09830854906157,-6.59599001988009,-6.51011240793478,-6.4330102317004,-6.54758298231636,-6.8386913907045,-6.10956853529349,-5.68679922135383,-6.50194483394186,-6.58334441255737,-6.59156374373919,-6.12585478321881,-6.44807050922389,-6.24624718405231,-6.12528781142909,-5.55866241537422,-6.90580286526233,-5.88324197671606,-6.56202151173829,-6.4263932920781,-6.31527439980832,-6.5111225908448,-6.82627803302095,-6.46065524118495,-6.39591081676673,-6.3620800068468,-6.62120313266208,-6.14382281919022,-6.44767163882483,-6.26072084554236,-6.24286965887564,-6.07332319866517,-6.26057586958477,-5.92308824689893,-6.10966473558766,-6.30648322420278,-6.41757851355814,-6.52565203783711,-6.85588975253546,-6.23105813831468,-6.53841593048816,-6.82122930018144,-6.07499334568982,-6.9038864379662,-6.13724146642407,-6.07430114688367,-6.12729962314117,-6.23145365262251,-6.12577052101536,-6.49338388173809,-6.2023213893389,-7.02823028304743,-6.54935448454775,-6.94794404990253,-7.2810707387206
"H1.5-K33[ac];K45[un];K51[un]",-6.31840637389707,-6.47518704212575,-6.12207891412277,-6.56751771845697,-6.4664516202827,-6.22278264796541,-6.47602369489897,-6.54513555159707,-6.42210274657669,-5.82866369968986,-6.45088072843079,-6.66284933353173,-6.3545055875582,-6.07054816833773,-6.42120028809468,-6.4392752146493,-6.42675575665904,-5.75807057681274,-6.43088411552401,-5.93688793285679,-6.47985899980828,-6.69973498536504,-6.17490321423583,-6.45593693781445,-6.63776105399817,-7.54936083990799,-6.34082012244199,-6.45671652970954,-6.36307285892734,-6.32896387873243,-6.3893559907041,-6.31335464683258,-6.21045826344765,-6.10281982183701,-6.26057586958477,-6.03768689009115,-6.06915314843387,-6.3524903107974,-6.35750338812848,-6.51579195620087,-6.74697581777122,-6.28673552936046,-6.57068246898712,-6.68295162201147,-6.12279096243538,-6.75109859227862,-6.13724146642407,-6.0968959788376,-6.15429078045137,-6.25258485612525,-6.13897528302385,-6.54321144040259,-6.25480104755196,-7.02823028304743,-6.54935448454775,-6.94794404990253,-7.2810707387206
"H2A1A-K5[ac];K9[un]",-7.51056963259718,-6.41627766148545,-7.28638351039964,-6.55898925570381,-8.02856837221451,-7.62095292312667,-6.8846942699603,-6.46851465449564,-6.23971233530636,-8.10895484603468,-7.6480745883077,-6.52530361659107,-7.20324678192044,-7.52941708062457,-6.72999115726447,-7.41291363497489,-7.05956952250829,-6.96291723712117,-6.33586359801744,-7.14431795561523,-6.58878766135603,-6.482288769042,-7.48841137127143,-7.60270458097704,-6.87048921710973,-6.09629110942445,-6.24197819602584,-7.73335641837517,-7.61407219695362,-7.62118869058378,-6.68324304048243,-7.14939953608811,-6.69047883685191,-6.92562721936032,-6.77561798840846,-8.26123625752988,-7.9308012197144,-6.8799710293231,-6.57431415802996,-7.53700464305724,-6.65761051874747,-7.76473968792335,-7.18558959784244,-6.11272678108978,-8.95040210814436,-7.47812290748416,-6.22948315405018,-6.53214400662086,-7.73207475095261,-6.69049098792738,-6.44316619679145,-5.47364920503047,-6.69374293050859,-7.42029820563389,-7.40895942914989,-5.98269425319612,-6.07131115531418
"H2A1A-K5[un];K9[un]",-3.58778279820173,-3.80229233309417,-3.63736931112092,-3.83091301758706,-3.99991301917251,-3.96379599008074,-4.11920704073572,-4.1104378147827,-4.18806226999902,-4.27673132407538,-4.25350734836328,-4.01885594320151,-3.96774557987702,-4.09354193481474,-4.31623884657771,-4.06236058604596,-4.07254873145497,-4.1960999717514,-4.05421858350937,-4.40804178174201,-4.23595848317739,-4.06472505197541,-4.02311063773224,-4.18684456558181,-3.99003443549563,-3.88629154355889,-3.96753284211128,-3.85792508047477,-3.89426772126504,-3.90889921816624,-4.26358686172729,-4.06672254404318,-4.22304660447362,-3.86154108894196,-4.12526762181304,-4.06297034857363,-3.89852786424949,-4.14517229051858,-4.29041625868849,-4.0224517271916,-4.21369730082041,-4.04206056648819,-3.92058450737968,-4.0957642338757,-3.87148680146231,-3.81233919091504,-4.22711219229229,-4.29214416636765,-4.04821480128478,-4.27481383913992,-4.26158280321674,-4.3137479770615,-4.24933743559464,-3.55910901086121,-3.45176102310299,-3.77313883114837,-3.79298490425316
"H2A1A-K74[un];K75[un]",-4.95380401445421,-5.27720067717923,-5.20991129162171,-5.31641979576423,-5.29503112982567,-5.26992946381806,-5.50080309162833,-5.52490523220716,-5.51700364811096,-5.47727079720309,-5.50373135692599,-5.26019493054196,-5.26509091519294,-5.52743258942595,-5.47835268719464,-5.49961574274083,-5.30814411979838,-6.1321965531982,-5.38332597118775,-5.57064353601197,-5.37686232765361,-5.282794559465,-6.12615778652154,-5.34952167148183,-5.26324935044955,-5.33400729759671,-5.28290447791033,-5.13065453925099,-5.16939562621935,-5.25980723086245,-5.32855007411849,-5.34288690937378,-5.60711210437274,-5.53742293759969,-5.46229808155537,-5.05698149551427,-5.32309357824745,-5.09208982565883,-5.6416608935927,-5.26817763686802,-5.42824647152936,-5.07915663943363,-5.576178918301,-5.32601821740052,-5.38639711583316,-5.35693839177295,-5.25101750481377,-5.00959706786221,-5.56248568593389,-5.03504291761832,-5.30563074943603,-4.82270240737568,-5.05689958477747,-5.97133227605957,-5.85476205187178,-5.83994812537317,-5.91093190362726
"H2A1B-K13[un];K15[ac]",-4.47484337212421,-4.63112364185276,-4.46981720429701,-4.66297016645959,-5.47437549577704,-5.42181006721261,-5.63586846230036,-5.42345211577815,-5.56174574017683,-5.75822801821609,-5.55836979452385,-5.49434332523698,-5.52178004707006,-5.90188828859251,-5.61322036039831,-5.63329908033166,-5.45732501705437,-5.63302748395136,-5.63816448924727,-5.72438886683266,-5.5610884009512,-5.42095341285233,-5.79788177700284,-5.59668939113066,-5.50219856596763,-5.35186405367425,-5.69420180506441,-5.51131481648416,-5.59752775967942,-5.53884871116963,-5.5883505701887,-5.5965076310104,-5.68395502517932,-5.50284266046328,-5.61108872933373,-5.62696561217568,-5.68269554295795,-5.65217403928971,-5.07761919076976,-5.65212477931148,-5.6187503423322,-5.71328417228081,-5.63566967430278,-5.65459599115765,-5.48434478776598,-5.46631375053929,-5.45307543615939,-5.72570284901607,-5.57572590594111,-5.61423610538916,-5.59497949954449,-5.42504330846836,-5.58062203837471,-4.52115191418795,-4.59675466849636,-4.59522452460232,-4.56634453839218
"H2A1B-K13[un];K15[un]",-4.36228708544635,-4.53215464607257,-4.45343445781037,-4.53962839243563,-4.80970311565058,-4.84475475230535,-5.14975900062713,-5.03582498882569,-5.05880321504836,-5.11710754120281,-5.26539571824345,-5.02991369466337,-5.00611097614803,-5.126809743926,-5.17486260448804,-5.05095215742929,-4.82395375775587,-5.19462661406423,-4.69232135488542,-5.16110765599872,-5.14907111237749,-5.04158276011407,-5.02477701763044,-5.26545201269677,-4.95183048391612,-4.93251693299937,-4.81476668982813,-4.9374598041832,-4.84623467976222,-4.91131435534039,-5.19526061732573,-5.1076114919337,-5.22788147925672,-5.14408453364749,-5.23370767878178,-4.90126625719408,-4.88929626792697,-5.17480487783652,-4.95429267358301,-4.98895537560908,-5.02257694046495,-4.97941876643261,-5.02052838200751,-4.89381325768336,-4.75176247113737,-5.08969716317877,-4.9856566682582,-5.02670064987788,-5.25857156782357,-5.13874891117056,-5.16612082219208,-5.14139654361544,-5.25540116060182,-4.26982413393453,-4.25547296701051,-4.29132655510482,-4.32327515349743
"H2AJ-K5[ac];K9[ac]",-3.57340154768023,-3.78938687911485,-3.62360120729549,-3.81628612671846,-3.95252692768866,-4.00248421657377,-4.16065215303827,-4.11774572982847,-4.18157508220619,-4.2872103143417,-4.23090100501878,-4.02106691499866,-3.95578557761379,-4.09377504934248,-4.35610165992193,-4.05920363027205,-4.10710234039094,-4.18654188114503,-4.04607752527613,-4.40890869254158,-4.21693468245124,-4.08745296604338,-4.03910905463919,-4.2229130859667,-3.98217600481246,-3.89575541233269,-4.00150195118355,-3.86152056612588,-3.89864421150017,-3.92740442491894,-4.3144568041611,-4.07278380174036,-4.23516492660045,-3.92135205488397,-4.13181181195979,-4.054725857231,-3.96218081627551,-4.14945636153258,-4.34889510449116,-4.02282416640357,-4.20379555692046,-4.04747999394729,-3.9233239493042,-4.10330529752395,-3.8021279125514,-3.82472419177485,-4.2263349617686,-4.28916632539326,-4.0471136632808,-4.27773902653076,-4.26185722782664,-4.24995776342791,-4.25418305359627,-3.54019641981122,-3.45187579832739,-3.76489332256326,-3.79153424958295
"H2AJ-K5[ac];T6[ac];K9[un]",-5.02893730543586,-5.2787143408215,-5.11840047910239,-5.28049547720868,-5.27795340813528,-5.27904119573352,-5.50525409294406,-5.48426972808681,-5.45746383245209,-5.67985725845258,-5.56878057878406,-5.32310607202646,-5.20502896491491,-5.40539142868167,-5.5845071727329,-5.341395310808,-5.35434256177401,-5.47640203764893,-5.38558219209891,-5.83431055762946,-5.59698741991056,-5.39289101843656,-5.38543538020041,-5.48077306949272,-5.22979558331556,-5.18766259920684,-5.25024591153348,-5.10390921221202,-5.22092130607185,-5.23645501420504,-5.6536645258183,-5.35777642259325,-5.56475479066143,-5.13367971155748,-5.45265778497759,-5.36883645184678,-5.17896584985534,-5.42956669009149,-5.68905687307046,-5.23871976646882,-5.52890717000379,-5.39933692424206,-5.15278084197232,-5.4510893706569,-5.08835912852603,-5.06731243701276,-5.49890389526584,-5.69875846046057,-5.46727257238075,-5.65264756054788,-5.62393694206126,-5.60897619865738,-5.60562165546746,-4.97385658983216,-4.88098602283939,-5.16783062190934,-5.21086426964243
"H2AJ-K5[un];K9[un]",-10.7936258564029,-10.6050856919042,-10.9025781560879,-10.6191236945944,-10.4089811061146,-10.6498850952085,-9.47828669052005,-10.7308666761772,-10.0739787091263,-9.28729975991063,-9.41246971995967,-10.5348220312574,-10.2751324377324,-9.65231306457866,-9.86551382600925,-10.2533273353124,-10.0613862734419,-9.17690643750976,-10.269187339204,-9.08229176976342,-9.65880633057433,-10.2745709410981,-9.74417831587686,-9.66584978015971,-9.68010803411412,-10.0703511333061,-9.78617239236702,-11.0178357393755,-10.2345948850685,-10.2863172129346,-9.70984515535772,-9.58894841228557,-10.8719304995461,-10.7556295259314,-9.81355486757349,-10.6100416918904,-10.0670695240359,-10.1539426644796,-8.98759196150047,-10.2977815323045,-10.0728181490793,-9.56252943174937,-10.377676272069,-10.664546988465,-10.4176411472671,-11.0843457103382,-9.38125102715474,-9.6174884876555,-9.44539688302403,-10.6960764763455,-10.7967709856314,-9.83890695122388,-10.3524949681804,-10.0673663696101,-10.0225162053955,-9.74069189436526,-9.72912846551213
"H2AX-K5[un];K9[un]",-9.02498782124193,-8.62091136186445,-8.80484841652529,-8.64850510870418,-8.1245613692467,-8.64349669917238,-8.48919221569536,-8.22095541470252,-8.50382915406549,-8.67085535099438,-8.30150790037216,-8.82025824512685,-8.98796513767034,-8.60863145705465,-8.39956434571002,-9.25977410382755,-8.52720748617908,-8.4602959582462,-8.23446153413059,-8.28539555874455,-8.4093333895979,-8.07756186408486,-8.95062376205278,-8.24449205604456,-8.24940491423652,-8.91298162600288,-8.6977391729356,-8.65224118684381,-8.57009816780614,-9.40751164043704,-8.71191336082495,-8.15738398415569,-8.15674190534938,-8.93713530013838,-8.14875732181171,-8.96701787855785,-8.77550051744523,-7.90191318034724,-8.28209761182838,-8.7040652286536,-8.32364908059362,-8.98285694131501,-9.08482299706876,-8.31358126996442,-8.31119885066864,-9.13843258042032,-8.53834609455192,-8.57451556840093,-8.71847875046316,-9.23043662280482,-8.49811489647345,-8.01429587675005,-8.6245605458752,-8.66370837819002,-8.60681962677659,-8.37260240702344,-8.55430283587664
"H31-K122[un]",-4.68947810597353,-4.5884082899907,-4.41955317623663,-4.55083868051724,-4.91343208996074,-3.69287469035361,-3.83466935033582,-5.16346255218642,-3.81113571887643,-3.83757405022842,-4.16787881203342,-4.80881105930476,-3.57228978242245,-3.70064948190034,-3.85914022432913,-5.01721163051113,-3.68452994781328,-3.74727739834614,-5.27046484299961,-3.84119131084167,-3.92110106504992,-4.75572293777341,-3.77106350090562,-3.97113321734784,-4.81198975794597,-4.99702391415216,-5.47932260168179,-4.88508524437105,-5.18946916297585,-4.89486092304796,-4.35182602342356,-5.2561988727939,-4.27007565962796,-4.40592750142833,-3.51401554971729,-4.41739800896612,-4.18946545460336,-3.99804737708162,-5.23706417511163,-3.54852889668527,-3.58176937805256,-3.47106220837325,-4.78115630948454,-4.66393299778475,-3.98708716376447,-4.39790416737014,-4.3750595776439,-3.36044695214333,-3.56664399684085,-3.61518193026705,-4.05788258805076,-4.15261050125908,-3.93307284155129,-5.16220922103621,-5.5217564890604,-5.49482709061837,-5.70814851106883
"H31-K18[ac];K23[ac]",-8.77344121261164,-8.04165428400156,-8.73898439614431,-7.97039745436933,-7.91354274864222,-5.76929648782754,-6.40468594039144,-7.50110892922391,-5.1458842732274,-5.67902563350891,-6.08158869528879,-7.35000948399314,-5.70447705783264,-7.24226638740545,-6.01347545435098,-7.72267104014392,-5.51266503026953,-6.67177114025235,-7.46391257473602,-6.50185824222336,-6.86218106154483,-7.40892182484527,-7.57621169501203,-7.39327940452662,-7.96303053605354,-7.39997083530775,-7.63106811171464,-8.16175540253635,-7.91055160229827,-7.82623219794943,-6.27881260286722,-7.27536179244369,-6.66382322073135,-7.15001857830105,-6.56423921310687,-7.19900801346261,-8.21659896788345,-7.49916822251461,-5.90075495194881,-7.91465689431794,-6.98921397632154,-7.5944353942159,-7.47581560784505,-5.56968183148981,-7.04824384551516,-9.23310633691187,-6.05547903499206,-7.26245000377332,-7.6221452487826,-6.01220562073105,-7.50290154337838,-7.42328432692677,-7.63556804225547,-8.05449480962359,-8.15025601893897,-5.95289353051996,-6.15666205346302
"H31-K18[ac];K23[un]",-6.16580809994459,-5.19525191570946,-6.19024605151966,-5.24574653456813,-7.10151454763398,-5.74225164596697,-5.38864843143385,-6.88343905144697,-5.57756917130396,-5.95724627070073,-5.2647741504305,-6.76778766366321,-5.5895211593047,-6.14600455462082,-5.247883772792,-6.8673086509349,-5.74326087096889,-6.00933714534189,-7.47516949084844,-5.99624764335447,-4.95746304619744,-6.96931113482557,-6.29131563993104,-5.24617260526183,-7.24999204677028,-7.02909333186048,-7.08179903428602,-6.68940042495567,-7.37292407126507,-7.43209419570373,-4.58175740933998,-5.05571046674479,-5.19386139080132,-5.20917174837858,-5.54593449061309,-5.26976193959916,-6.1617056834182,-5.24410191621524,-6.3316486434693,-5.9807233728723,-6.2448766352866,-7.15144857186184,-6.60788959206072,-5.96003645636033,-6.86105768862845,-7.18498483720412,-5.6515293602071,-6.51166891021513,-7.34313030179952,-5.59283239462685,-6.11920010325723,-6.10174496624645,-6.04686263499721,-7.06974755605627,-6.93865755314327,-5.74930596411095,-5.90024221420067
"H31-K18[un];K23[ac]",-4.60324784896196,-4.4863509773621,-4.6083002284439,-4.4427603406731,-4.85904177481922,-5.6175114888571,-4.75862173620829,-4.70695268451051,-6.21624450396059,-4.96330779536966,-4.78159956312101,-4.6177015304041,-6.28910938804098,-4.96043777500037,-4.70514023659891,-4.66444246258901,-5.97889471220139,-4.90639644218767,-4.76343794864696,-4.84063381924472,-4.61430036818044,-4.64337355090815,-4.88357975928075,-4.79615039584999,-4.79563212489433,-4.610330734378,-4.67187142912618,-4.86832259764829,-4.75612641434751,-4.6803549105084,-4.70361160978887,-5.17206217481553,-5.26906260093698,-4.78097700106844,-5.10315775800751,-5.23487047195311,-5.09175381983331,-5.32242823763536,-4.64632814225056,-5.19380230398438,-5.18735625237531,-5.27371409834736,-4.73362813203091,-4.09043787607676,-3.57938172335925,-5.03852338242654,-4.44433950779854,-4.6891861944765,-5.3732303643603,-4.60837379014341,-4.94520875527662,-4.44343489197723,-4.46014119012005,-4.98162818389602,-4.96440028386303,-4.97870101656001,-4.69397356667534
"H31-K18[un];K23[su]",-12.1860998262306,-12.5622214482236,-12.8778652214608,-12.273517363302,-8.77757962851524,-8.92286434787239,-9.56673886288163,-9.57867472636925,-9.99684198046537,-9.29155931817944,-9.33145559285789,-9.42028889009076,-11.7778055487096,-9.66562113908365,-9.00551150352078,-9.90688434018374,-10.6847571377739,-9.0491338602722,-9.28167718650707,-8.91361435611363,-8.96743641442989,-9.23359963384378,-9.86756442823113,-9.13442271315114,-9.43814408157451,-9.10159067302834,-8.97292862203508,-9.43300033891649,-9.59177453399918,-9.23640198735292,-9.96517923812928,-9.50239112955663,-9.99155486503733,-10.4007676332215,-8.46859536299603,-9.81847670196733,-11.0088806573274,-9.62593241090034,-8.2395189969735,-10.5324958665466,-9.37674294563541,-9.13217055965579,-10.479384222311,-9.37400768527864,-9.53966595734957,-10.1460843214462,-8.92745697443862,-9.15390461832535,-9.92541202357989,-9.12615536486687,-9.05259017618192,-10.0903609223054,-8.95441905774506,-11.9922880285198,-11.0382846859056,-11.4108114850532,-11.6924766525829
"H31-K18[un];K23[un]",-4.33962241055758,-4.57704764095029,-4.52269514688524,-4.44732865007974,-3.08312765366518,-2.83929822422596,-3.01555349221115,-3.69174710599629,-3.32385713625628,-3.22582861554314,-2.90167724461197,-3.17828157504005,-2.93983465174603,-3.00336060079322,-3.13691311864112,-3.47329140229812,-3.05266492650587,-3.11654870242657,-3.21887073968913,-3.00001292246568,-3.24621643712392,-3.202598798575,-3.02906777192334,-2.73381255600218,-2.95266883948408,-3.37536856340151,-3.22018507266659,-2.90962767632097,-2.90147112261238,-3.00592751960687,-3.19123865412973,-2.8900028821957,-2.95817305710695,-3.01555038389558,-3.24698891979632,-3.06630059308642,-2.86380077509744,-3.03326599935132,-3.65461760066079,-2.94187317063143,-3.12524639948703,-3.20222349670067,-3.13967596599291,-3.85596568339475,-3.72060693982418,-2.86092076686586,-3.20633879682995,-3.31784872779306,-2.99052746188035,-3.43713983311228,-3.06498599099462,-3.51234341129959,-3.19387554072202,-4.25752912973503,-3.6396444094806,-4.03001924801329,-3.99792720286383
"H31-K27[un];K36[un];K37[un]",-7.8039377547392,-8.4986895982672,-6.56400171486184,-8.06466449870311,-9.27823868638929,-7.8805184387731,-7.36176268902914,-9.33410390117459,-7.17443484995905,-6.12005704379473,-7.55935165917741,-11.0321781581519,-8.14015387465343,-6.96344078506559,-7.61619487712598,-9.28376097624564,-7.4213016154687,-7.62849364616544,-8.96188075499081,-7.56376802851514,-7.21032618309309,-9.05743112224395,-6.88737183977729,-7.39259786540299,-9.26470881757343,-8.44770159749436,-8.99589896553374,-9.75732883224811,-9.57010914870996,-8.88626300568411,-8.13587979213133,-7.50846737227288,-8.65907424506609,-10.2419132269509,-8.17790311333295,-7.83687404629804,-9.46687743666747,-9.75954213029516,-6.19085272729769,-10.3543008590891,-7.74444140313643,-8.34014323843121,-7.2745384222587,-8.99785720344614,-7.42020104724766,-8.81763071631509,-7.41014415261648,-7.74700475996831,-6.63670627195809,-8.65517505921591,-7.34948366418327,-7.80099267869192,-7.97038505504458,-6.79444883685116,-8.34286146460653,-11.7844872849776,-7.90826365773545
"H31-K4[me]",-7.46160903408277,-6.30411313558677,-7.3714886464591,-6.28919310031175,-7.13546575273545,-7.06454647262652,-5.85808697516471,-5.85716892649406,-6.07477144480862,-7.12368156463739,-6.00397907932778,-6.04218109491096,-6.35568714596499,-7.06949803288761,-6.18113167765753,-7.00649864976268,-5.98436833575643,-7.02286368137727,-5.99111158930474,-7.13597997842575,-6.17452330871498,-5.43230372491317,-7.13334031073098,-5.65353078579341,-5.57662567345247,-6.25756097846327,-5.96898333915499,-7.19125340269853,-6.87835933393127,-6.94470975465556,-5.63516341600579,-5.71512209706004,-5.58646862783704,-6.43627240793363,-5.593417610074,-7.48092419634503,-7.14200879600342,-5.76902382798922,-7.13637110296301,-6.98304235274422,-5.55328966980321,-7.69226885374767,-6.4190952433859,-5.77860124099499,-6.41558673760805,-7.08782426383296,-5.70488509945604,-6.21379227515685,-7.17826203075489,-6.27247334291308,-5.90083111455982,-6.26383808479486,-6.38468779856144,-6.9216398166531,-7.11742341369154,-5.56833338670426,-5.46994559394613
"H31-K4[un]",-3.09900737079568,-3.81437414027859,-3.1465657618838,-3.83692515783041,-3.49869935388063,-3.47045417583853,-4.45275317834574,-4.15298373890439,-3.89115844783192,-3.41972801150041,-3.59718186540595,-3.47506824449305,-3.65759982602598,-3.30379214049075,-3.68620955046054,-3.72602134011151,-3.73251427498556,-3.38178510152988,-3.68635538521244,-3.47644467761169,-3.34319533288151,-3.63566912963691,-3.45658549399958,-3.52226624734995,-3.61424550453875,-3.57917425775892,-3.87907617784307,-3.42310924825007,-3.38584234162927,-3.5586293844482,-3.61429475620799,-3.56366071443748,-3.57276358360804,-3.72336604368907,-3.45144111858466,-3.91172172763785,-3.64468080802133,-3.42965436573745,-4.79643629163596,-3.63793748860258,-3.51773899452544,-3.62556533235512,-3.41004670271062,-3.51893989934281,-3.43072822718356,-3.4644866661986,-3.60988898488711,-3.80956592211785,-3.56832780336009,-3.75559794119606,-3.74612687171151,-3.80866336263767,-3.87342212051532,-3.16345903328968,-3.21075412708529,-3.43565823274737,-3.45398284138625
"H31-K64[un]",-6.15373067640625,-6.39966250299313,-6.26030809313181,-7.2024511163688,-4.46975245867138,-4.68218447422064,-4.83109959237134,-4.15757232966506,-4.93812492052532,-4.87213563123303,-5.66792431052303,-4.45402308099662,-4.99377964244722,-5.23691049143998,-5.6459307287649,-4.49395368504875,-4.82849972244546,-4.70624642931957,-4.31610814097142,-4.84901128612007,-5.45634226681928,-4.3468120709465,-4.92620197945441,-4.82239874059102,-4.54886643665894,-4.68105081008898,-4.55644206403473,-4.74842141404158,-4.73022116790187,-4.56959138151252,-4.64077151272453,-5.20890950572932,-4.88666274932961,-4.98589516110854,-5.31789541402439,-4.47258099075619,-4.90501133942594,-5.09415966046186,-3.33196465192162,-4.86475484928029,-5.11819892798482,-4.50024493207223,-4.95420501930192,-5.06322845998153,-4.5465042528597,-5.11584056744136,-4.93965178229031,-4.47418314565247,-4.85600359684721,-4.59706657800919,-4.76753858192413,-4.45919995783348,-4.48855766745143,-6.89077911061007,-7.01013948766334,-7.04267140160289,-6.84980237292023
"H31-K79[me]",-8.1226906226852,-8.85182338353908,-8.7053309705342,-8.77651023796784,-8.08897376812513,-6.9420681860849,-6.84176801144167,-7.59796790494729,-6.82648518727203,-7.21723460404603,-7.49727912643372,-7.78752065312096,-6.70097223097455,-7.32477344079671,-6.63510394121891,-8.59448708781126,-6.89085335878695,-7.28267642894871,-8.96759733620402,-7.67597837802562,-6.89880298185677,-7.68890923621176,-7.69262614664263,-7.1232660202585,-7.8712169739731,-7.72071323307453,-8.70283753501285,-8.13048382364738,-7.60468132017578,-7.58371710057748,-8.04722968471963,-6.86004925422978,-7.5151894696619,-8.7224580513292,-6.90066412546193,-8.07693016260875,-7.58449803182534,-6.3887940638754,-7.72732736535384,-6.44845881751815,-6.30065440932737,-6.41785086775341,-8.26853210684624,-7.36996800965863,-7.6856696659301,-8.04300838263961,-6.69307775542285,-6.5339354954934,-7.25254491036409,-6.58213154688874,-7.03587691032614,-7.93849118089931,-6.45731961256798,-10.3570747302459,-9.54160274249089,-9.686009519781,-10.1043770257462
"H31-K9[ac];K14[ac]",-11.0921766136341,-9.62448546156427,-10.8324140941536,-9.6229151934944,-9.4651621068642,-9.96989406345062,-9.76572672827375,-9.3238767021281,-8.91587783327282,-10.425322072922,-9.44826551867788,-9.43207869619062,-9.98883246754835,-9.70396808622169,-9.21107407885548,-10.3150855916754,-9.33608565607545,-9.70542489408657,-8.93957050806494,-8.79241198900234,-8.87156820895376,-9.06478604952031,-10.3100942443131,-9.75707750079361,-9.58787687399779,-9.40610287324738,-8.94480889140579,-11.8932229463755,-10.2715582038253,-10.7004444773386,-8.93323192634344,-9.41797224812682,-10.1889486442478,-10.0040469037489,-8.93950953827999,-10.2942828178598,-11.0069430564205,-9.62859666251668,-8.23764278950778,-10.9073177695339,-10.046535512228,-10.3829333398792,-9.40212182484496,-8.72390361268132,-9.64443697465094,-10.9899057466766,-8.26995665918401,-9.81354740481049,-10.6084436317031,-9.06199375437751,-9.52716573594084,-8.351974747443,-9.08147828302737,-10.8359113776337,-10.8375486260746,-8.68549106511015,-8.66607522736308
"H31-K9[me2];K14[ac]",-5.65311014380022,-6.16166396315282,-5.31453993999448,-6.10928720183513,-5.37692988477963,-6.40666409067138,-6.52764267375387,-6.00124622846964,-6.25674261950352,-6.66177452007821,-7.14141324068615,-5.87114966409068,-6.21153493815849,-7.09731202626576,-6.58869452509575,-5.54601745753888,-6.62141473538502,-6.42791427412942,-5.70609737907659,-6.12959044826041,-6.92463448151542,-5.648194713009,-6.86613766632725,-6.97500586734048,-6.2284716432768,-5.60608708924325,-6.05312434443224,-6.16446989182897,-5.77230527798452,-5.98588190505926,-5.99842369904657,-6.18872412933471,-6.20882027159475,-6.09334673358464,-6.07730366508067,-6.37273558840579,-6.15749053437662,-6.34382089441147,-5.83023360061668,-6.03613229315546,-6.29948106707043,-6.26999501588722,-6.25458158627839,-5.50530957940841,-8.89213307977938,-6.27982980264188,-6.16497263492637,-6.30884222077209,-6.53549309194047,-5.89087108847795,-6.0573707829572,-5.67894017255915,-6.20590947531212,-6.15162348084761,-5.89368349471251,-5.87157249612302,-6.01460652490058
"H31-K9[me2];K14[un]",-4.18138487784879,-4.76959795401749,-4.04625745871122,-4.81323032170474,-5.10893730847753,-5.48426055364334,-5.31830608612279,-5.66051790537567,-5.95280687648724,-5.52829328289292,-5.13766306419348,-6.44906239786294,-5.42225465199522,-5.2171430888276,-5.59263644035722,-5.5165870236046,-5.34697333139978,-5.44575247782376,-5.06817959265385,-5.47854653088688,-5.94578702129586,-6.34319684451831,-5.33033866965873,-5.26329369084989,-5.80369376714709,-6.39454531980845,-6.57205113008075,-5.95350989027817,-6.04861436260493,-5.68780523984188,-5.45659316298012,-5.37648734313844,-5.23660605740255,-5.16334571415539,-5.52340596716463,-5.23150730735182,-5.00565041249511,-5.46705644959938,-5.29369571226044,-5.25727995850855,-5.24575071706901,-5.41801012046928,-5.52561279284866,-5.79818182529448,-8.76571410026138,-5.00939570884817,-5.95036529490969,-5.84287120873585,-5.37046709740941,-5.70723955771991,-5.40876123197166,-5.58405721935095,-5.93774068896155,-4.73898465702671,-4.82270379620901,-5.34951924104112,-5.12991093673398
"H31-K9[me3];K14[ac]",-7.10705342299176,-7.07682084413928,-6.50181512616129,-6.87662404675831,-5.07731008119314,-5.87472487931036,-5.761289411364,-5.56494725607327,-6.30745748193198,-5.72097243291351,-5.46333346022143,-5.75785935438742,-5.7273233425306,-5.33979561715791,-5.98924264726058,-5.22653952538309,-5.66328175610374,-5.58161124591836,-5.30504469550345,-5.38608313922044,-6.31376630837685,-5.50929429332527,-5.50665250444492,-5.65762188093126,-5.78109176762173,-5.78700308606201,-5.89656926226071,-4.83720253075495,-5.89533197008273,-5.50105582995087,-5.45999168858536,-5.3508375995948,-5.22247559436576,-5.16913652821084,-5.50868706732267,-5.2459600584578,-5.02259384696798,-5.46247059985631,-5.21843245690625,-5.25605175405139,-5.2614675117148,-5.43311517149043,-5.53238372282639,-5.83218264889172,-8.64783745039217,-5.0120218917934,-5.97858802750222,-5.81608755498465,-5.39636212448608,-5.7386104497937,-5.41602436880956,-5.61068891019636,-5.95601378471651,-7.57206970993672,-7.25736330506315,-6.78150244583228,-6.96808562789747
"H31-K9[me3];K14[un]",-5.43569682133119,-5.51441180775788,-4.84354940593985,-5.71897982910551,-5.43904146387847,-6.63307036633552,-6.17588119413773,-5.60834918460534,-7.30577435272089,-6.79810288737607,-5.86183769594753,-6.34090670232037,-6.36188181053722,-6.41370485593645,-6.26419409417422,-5.73986216380664,-6.11626171407475,-6.31148465344194,-6.11299340693125,-5.80574619778787,-6.53102161089545,-5.74159043582282,-6.02331636794336,-5.96902794373848,-5.72756760138148,-6.39113497841524,-5.90014785538797,-5.09450987979753,-6.02278669336693,-5.66132417349945,-5.90715671386398,-5.65384644778018,-5.49480496650018,-6.05608103650698,-5.90902634092022,-5.81998803953974,-5.53306656178017,-5.79396314457541,-6.09886858000489,-5.82882693714568,-5.4257004375817,-5.95290363012929,-6.01119269050134,-6.52115740260475,-8.96125952044414,-5.68161812668374,-6.13033088017907,-5.99606778796019,-5.69009266385218,-6.43310482241419,-5.90402876227642,-6.32110574277859,-6.49691093034124,-5.33342207015529,-5.38276863761792,-5.753850859225,-5.61097337703831
"H31-K9[me];K14[ac]",-7.1833886754422,-8.00827950366016,-7.0998270930574,-7.86144113324181,-6.6230961250532,-7.17849303957545,-7.96477634657852,-6.89285240187873,-7.6415882282733,-7.55338876236251,-8.6557320168639,-7.20811436343929,-7.97566782968789,-8.03676488905656,-8.04624041926013,-7.40722785649999,-7.55272719712625,-7.84671823942101,-7.33397156895949,-7.15327516026064,-7.91280323973339,-7.81169364689668,-8.11533677763153,-8.73053585125244,-6.8524440785342,-7.69316852823138,-7.56901505750097,-7.14009386981404,-7.5831100054637,-6.42172760970078,-7.93344643244862,-7.95426074222133,-8.30614012537493,-7.60040835807694,-7.37303395601875,-7.90458990992756,-7.93143274319708,-7.76440543585062,-6.51872597976614,-7.35021630977179,-8.06334622571242,-7.72511905427775,-7.52528498941722,-7.1585685621376,-10.0114816961056,-8.00443180381009,-7.23194004919749,-7.64042544188171,-7.59468876244013,-7.5382169911,-7.53815468442292,-7.36995983926536,-7.43249585676114,-6.89366515183373,-7.09382165747042,-6.91552665768975,-6.85952578133807
"H31-K9[me];K14[un]",-6.68463688173526,-7.33976860148751,-6.63453251727554,-7.48492240781752,-6.89147093357779,-6.97543861567346,-7.14998540343917,-7.51238160177915,-6.64537086328795,-6.67546756431827,-6.5406017215302,-6.99350012120162,-7.00101068038322,-6.93937480922086,-6.22823351763496,-7.39567824222235,-7.12516774882251,-6.35540099594667,-6.95280151920825,-6.47284712726568,-6.48713858891026,-6.79134102999561,-6.28735982350276,-6.57221296551737,-6.77421343206999,-7.48855926008638,-6.70681598447747,-6.5826960218443,-6.00703525901087,-6.73603214209332,-7.20863601819193,-6.85450346371961,-7.11470434495074,-6.695125617101,-6.81616646946435,-6.8227942891323,-6.70205633672687,-6.50814134855479,-6.7793989561168,-6.71023935711088,-6.86498472286376,-6.75133906528457,-6.86165526145702,-7.10228021899366,-9.23827935670229,-6.75316265786999,-6.91460633617477,-6.9088630895643,-6.85681807293689,-7.13535646054394,-6.80639661423461,-5.94736831418033,-6.99445648933177,-6.13110149245405,-6.25390480834668,-6.49493857426428,-6.42465717761918
"H31-K9[un];K14[ac]",-6.88782196263629,-6.97099653520995,-6.65061234220806,-6.91934703150303,-7.44105912281114,-7.30271589687776,-7.50475547498574,-6.82490792852078,-7.02428913987014,-8.15117271974936,-8.16100678092672,-6.74999394944838,-7.40651965783867,-7.4844222651346,-7.61170740186741,-8.00572388627108,-7.73046454212447,-7.66464994070502,-7.18616267770061,-8.02205679603816,-7.45994212552533,-6.7259397031884,-7.46130988921032,-7.8525324789082,-7.81154020102031,-6.95038654270537,-6.87241333972542,-7.89885499719549,-7.46465494250407,-8.09660691445002,-7.19829683873246,-7.42882372993603,-7.90137253406629,-7.15831964083119,-6.96729303307107,-7.98706618997558,-8.06744413976363,-7.38264623496909,-6.93441432779527,-7.54005370838333,-7.65011896321409,-7.76398271962268,-6.94909606629191,-6.95725585232897,-9.80882240696168,-7.80215701131983,-6.97660454779056,-7.41023092744097,-7.21317182440666,-7.4276863981879,-7.65257558420817,-7.050008891519,-7.15735427999342,-6.82556060022891,-7.0195157492741,-6.4144033371237,-6.43029260563488
"H31-K9[un];K14[ub]",-9.73231075980107,-10.1554516425468,-10.0966071600655,-11.8188484850223,-8.34219703663484,-9.51039200658917,-6.32435615439857,-7.25756883996281,-8.15006605478345,-8.64803571112345,-8.85956239867724,-9.66917104786735,-9.18419446795235,-8.90212669013669,-8.67040327579082,-10.1689480649038,-8.34390328944527,-8.69361105453273,-9.39282442756602,-8.68661117032753,-9.10912211075447,-9.57413847455782,-8.80743114817732,-9.22315747412293,-9.18988736343858,-10.3055156677373,-10.6717540242254,-9.77247755686008,-9.93158232866589,-9.11106216353751,-7.8489059268503,-8.02775483357996,-8.48896802092807,-9.6670624533381,-8.19921962303045,-7.94130713027344,-10.404282984038,-8.1461778820579,-10.0399172139211,-9.15220403274192,-7.9984916191889,-9.28770435338697,-11.0712704724728,-7.66354382007074,-9.00025734461898,-10.8205511086347,-7.27610926520782,-8.28417257588597,-8.06680209193563,-9.91018246926058,-9.00162438774081,-9.38697246184421,-8.06400253579229,-11.2514837746066,-11.0686102508224,-11.3936800724527,-10.6536506939436
"H31-K9[un];K14[un]",-6.01287102121826,-6.18784921860399,-6.12734491257368,-6.30097253040341,-6.81384524466884,-7.12513013021718,-6.32294251764877,-5.82861276585297,-6.51517233174877,-8.00710171616172,-6.75076325638658,-6.31703064963458,-6.28234282718084,-6.62417335583194,-6.88064945233467,-7.54728394974693,-6.90170545012172,-6.49715388753633,-6.23399861816709,-7.19100850651925,-6.57305082408706,-6.17325815203456,-6.44653987016165,-6.46070733383512,-6.54876808254947,-6.71246865352575,-5.9332796049811,-6.39548224219621,-6.63340790254128,-6.93516887636918,-6.768446672791,-6.20894483280752,-6.92977336511117,-6.31507626265432,-6.12781849991751,-6.49691385556563,-6.79183498973435,-6.19057416814928,-6.18769938784298,-6.77983947709848,-6.28477516417169,-6.84224922595943,-6.31068066425221,-6.80156199568907,-9.7108135396919,-6.64079390280922,-6.25650741402411,-6.63556812278313,-6.35437101745186,-6.97692483657321,-6.64323974378758,-6.47655491488836,-6.64185517366367,-5.68068910411342,-5.99141026793472,-5.6258457219012,-5.54677753375731
"H4-K31[un]",-5.49649985716344,-4.65003697592991,-5.56708461567867,-4.77233796358031,-4.66500190937638,-4.13271251094635,-4.20833490581581,-4.88283380412397,-4.27363543704006,-6.71565907218971,-3.98501806146399,-4.6771617334942,-4.18456294637479,-4.78484649978992,-4.00038082164663,-4.70653419845823,-4.28544423603405,-4.86416685109436,-4.6328548730721,-4.69823073442397,-4.04439895335382,-4.71084264440955,-4.47243985142969,-4.18176137992298,-4.755215688028,-4.71761025355438,-4.90283499119542,-4.62952557711164,-4.58852741232756,-4.66579326434735,-4.39238700095627,-3.92371564605049,-4.6407812551806,-4.37525276952784,-4.93827375535571,-4.10894120215283,-4.23284097279609,-4.6974124688114,-4.93180302779859,-4.36014424044329,-4.7542432900357,-4.7615069252572,-4.72770825036448,-4.47969349437162,-4.55253828996388,-4.34773723164808,-4.21519278426796,-4.64006170759235,-4.80743411781665,-4.13898561153271,-4.24056464140467,-4.52043418683591,-3.79612576559412,-5.46426135875133,-4.81787247722189,-4.81810365290777,-5.19915707260795
"H4-K44[un]",-5.26466182535244,-2.51576001421051,-5.02128968936203,-2.48593843474355,-3.65050215275825,-4.10398861478153,-3.70915491869662,-2.83249162925215,-4.41856957774178,-3.8755842204335,-3.78264434013665,-3.85587604886598,-4.5605664034605,-4.09977013692656,-3.80604632600106,-2.83116416567805,-4.18480344140777,-4.04766302440231,-3.83058430179343,-3.97252665687829,-3.94215954665855,-4.18509564544546,-4.1359770247631,-3.86523178709071,-3.87171902843787,-3.57135374259835,-3.26376511978913,-4.43703283070518,-4.34544214061877,-4.26910561527025,-3.3629699647608,-4.17660575907758,-3.40354769256867,-4.35487430226339,-4.22972739924452,-3.41690008072293,-4.49690423003067,-4.17364936812586,-2.97740116623102,-4.4570066845415,-4.25957838245727,-3.46236532714647,-3.23750733030544,-3.50972592267602,-3.23223023211269,-4.19750009542195,-4.33591244102446,-3.54162486768952,-3.41935195606215,-3.46718129628539,-3.41420772254123,-3.43530499610238,-3.59136154112607,-2.95215984779119,-3.66099424961977,-3.5900652794267,-3.27374965246734
"H4-K5[ac];K8[ac];K12[ac];K16[ac]",-10.8037479015877,-8.39066857331049,-10.5936160681343,-8.64021756578146,-8.32278079871899,-9.80399700348312,-9.44766574548023,-8.14612258169227,-8.27555625817175,-10.1301843090004,-10.0603035222266,-7.35352992846977,-8.93072207005297,-8.64743492875548,-8.58764602608802,-9.29636271432225,-7.88212251852498,-9.5629246676886,-6.90079385453996,-9.04417696781176,-8.75030384933199,-7.81336711912394,-9.36771802760414,-9.19648398102232,-8.75259109674893,-7.76664509233674,-8.5347942574746,-10.1537595367108,-9.14787926946069,-10.2340409212367,-9.78406260555023,-8.00532071527993,-7.59066484044511,-9.6899857739799,-7.29522370719701,-11.5557990925604,-11.2988922837988,-8.09705874449117,-7.2713417640826,-10.9155390754537,-7.62970979441138,-10.5353081545343,-8.89010733898404,-6.95743134590765,-8.67839434966103,-10.3784078914139,-6.6340218514828,-8.21185281996526,-10.4759607226679,-7.85116520318677,-7.61622245622844,-6.80034286423792,-8.00936648530735,-10.7053250054136,-10.6566565943004,-7.00004956729219,-7.30549686124608
"H4-K5[ac];K8[ac];K12[ac];K16[un]",-11.1560769806296,-10.7478843454072,-10.6412229696835,-10.6138925690533,-10.1696020560682,-9.00943979362678,-9.36950367489432,-8.9856607261263,-7.82388773867977,-9.46573094039913,-10.0737240440104,-9.04807114681471,-9.88208899532626,-8.44975905687617,-9.61332716601082,-9.59373359066658,-9.52293445933786,-8.5900620682254,-9.65513953407373,-8.97588313463955,-9.38638492489001,-9.82387194429765,-8.83370756088232,-9.65344364357044,-9.59439612375744,-9.0252690733931,-9.14931788367937,-9.72559326548668,-8.95498009917362,-10.0552599753305,-9.5079553541367,-9.49433293371218,-9.45925887349984,-9.4544189577537,-9.26744943175047,-10.1243021530944,-10.3578582596936,-10.1655032905613,-8.9729966634758,-9.69825153812835,-8.99124977267275,-9.22495557971019,-10.2312710199304,-9.26562313408554,-8.97019853118951,-10.0011788022638,-8.47803901954759,-9.03326358926457,-9.93781160573053,-9.294999080127,-9.32711655861099,-8.94058836825361,-8.55694749856597,-10.8175368482632,-10.8366394523788,-9.55986951006009,-9.96501148360592
"H4-K5[ac];K8[ac];K12[un];K16[ac]",-10.7261352336477,-8.22893605494896,-10.1706726308651,-8.23032103637129,-9.54445462517601,-9.45064850026009,-10.066701973348,-7.78489976687468,-8.25030173707687,-9.10388469285145,-10.1658727032724,-7.65894131968657,-8.57454462745976,-10.8415910020105,-9.28522918386356,-10.6866213862691,-8.7300560260133,-9.68415125988842,-7.64217256585021,-10.1360730151094,-8.47649816647417,-7.419939726821,-10.946130482903,-9.93170657625399,-9.64557188379055,-7.60522800930393,-8.47256707613384,-9.56149622265471,-9.0734584180802,-9.59509908277477,-8.11296848966393,-8.15011364549613,-8.07293036620303,-9.22856418179887,-7.83293664457383,-11.9098682261177,-9.94198987837368,-8.50561392484893,-7.41949296597064,-10.5383317431102,-7.90708576842876,-11.0529695097824,-8.87403905302121,-7.42040441718146,-8.4042884535003,-10.3380565159687,-10.804972770014,-8.11033239841323,-10.4461950557723,-7.92793577936938,-7.84387936542516,-9.91086145648793,-7.9579628404506,-10.7681834269059,-10.6724422929397,-7.48452552960854,-7.73903909732666
"H4-K5[ac];K8[ac];K12[un];K16[un]",-10.2672383483966,-10.2225738730821,-10.4093870135023,-10.2272057602326,-10.4309174164917,-10.2940415088059,-10.5579017382574,-9.77249728342232,-11.2035485353526,-10.5907149026527,-11.1912953456747,-10.2315139120778,-11.2011003930314,-11.0696255036874,-11.3552126169954,-9.81237615979174,-10.4872064547179,-11.1445416966129,-10.1449594905943,-11.2409204421154,-11.1809962342122,-9.85759158649616,-10.7542429489864,-11.1458758718338,-10.3640506592289,-9.77943937939796,-10.2917947532037,-9.92196832349073,-10.3038535991534,-10.6329154923219,-10.5855664801642,-10.1925182415474,-10.8216209188113,-11.1017666819555,-10.3008706665275,-10.9711255403843,-11.2680017845107,-10.06312382396,-9.8976336094202,-10.9078026779873,-10.1541531167272,-10.9146303861048,-10.8944664392015,-10.1646654099688,-9.48346538614901,-10.8802441316747,-10.1696395295843,-10.6049430650649,-10.7664757480421,-10.9602743884315,-10.0359770518531,-9.68973753501419,-10.4155926100432,-10.8765597822523,-11.4234910074599,-9.8961431521599,-9.74682322504595
"H4-K5[ac];K8[un];K12[ac];K16[ac]",-9.00784579268826,-7.41038986686601,-8.73333812445455,-7.37258958980467,-9.72395913755545,-8.4442705171919,-7.53100214433233,-6.8717397933611,-6.73532317756547,-9.71607363221853,-8.96030887448264,-6.96074388404833,-7.66020792601804,-8.88078246959802,-7.94115987866553,-9.37583163460771,-7.85046793713312,-8.47951272819886,-7.00877684991453,-9.34787848429823,-7.41863643040602,-7.26376503112627,-8.98504430586398,-8.91245818970548,-7.90419235427208,-7.12887825160494,-7.2124353934753,-8.29657129211959,-7.97261960359078,-8.63580798209625,-7.31017726073442,-7.55136870960335,-7.32645903212378,-8.39858763955118,-7.01217840544302,-9.50840249483484,-9.63228410216867,-7.47145755934112,-6.89932092924253,-10.1303640976143,-7.34316382069879,-9.36277903881209,-8.01243657505819,-6.55674676526962,-7.25095059052742,-8.89896949250289,-6.51227359284762,-7.57481197897793,-9.34570924434367,-7.00391889521696,-7.16579050193755,-7.09862322792036,-7.43758594774231,-9.75271476748954,-9.83258088466095,-6.84370586588835,-7.14071046586277
"H4-K5[ac];K8[un];K12[ac];K16[un]",-8.88582456914385,-8.97037230719514,-8.97580531893674,-8.65469310638767,-8.92556891977394,-9.09226535163691,-7.47225355398997,-8.55241576232052,-8.84787111303779,-9.47921312313033,-7.88536833842205,-8.21971223521019,-8.22985017852771,-8.34861668051257,-8.59222143934284,-8.47899863736282,-8.39694710242869,-8.542047620557,-8.94671405600071,-8.75280158727255,-8.21422303798792,-8.86254212665538,-8.92169476758648,-7.88346837297063,-9.14723137880398,-8.3620860281653,-8.55804893251118,-9.85666207890268,-9.17954640169484,-8.54142636304925,-8.16900568406873,-8.15289167174763,-7.96832647866247,-8.99436575816159,-7.79522618549044,-9.07376799291706,-9.44210526692827,-9.38165062849782,-9.07933143376705,-9.26630907907836,-7.82025873667891,-8.33247765650554,-8.85635115572852,-8.08075563375367,-7.66262517260097,-9.21687803656866,-8.61327230231645,-9.07954760569216,-9.5129660853594,-8.58819674214806,-8.90424635216812,-8.27363185901976,-8.54064377298559,-8.69591266443175,-8.602076047138,-7.70968981977772,-7.87119441623028
"H4-K5[ac];K8[un];K12[un];K16[ac]",-8.65786451386902,-8.12522913236279,-9.01461440693972,-7.87493611749113,-11.2826064982053,-9.63940806241987,-8.79843421767709,-7.56423090012073,-7.60692878334868,-10.0647064054889,-9.06119986701587,-7.59915598482948,-7.89625866769352,-10.0335467790906,-8.83220734116942,-9.20501682799284,-7.99448182141805,-10.2824826820505,-7.38090629729329,-9.82768729982088,-7.5730761792056,-8.14175453505534,-9.71712959877532,-8.71253433220413,-9.04817290404666,-7.99925573645509,-8.05879618846779,-9.47193067237009,-9.63723647415741,-9.67583599002244,-8.17170207189271,-9.11316898175595,-8.50526030816172,-9.17956487229338,-8.15330433381152,-10.6355826224969,-10.4402859376164,-8.95165021968005,-7.38990004325454,-10.5529975624932,-8.22592364353992,-9.92083680244262,-8.70825686874742,-7.29408057112075,-7.4463083884709,-9.86751088404071,-7.81233815064773,-8.36202347980551,-10.5974448444072,-7.92601325354627,-8.0004910199631,-7.45586195868226,-7.83159847300712,-9.27968673224285,-9.48626218560322,-7.07012964878007,-7.29178276265124
"H4-K5[ac];K8[un];K12[un];K16[un]",-10.4188111154041,-10.4001956698905,-10.1503586601131,-10.260429748649,-11.7616751197862,-10.1442027722587,-10.6997471688591,-10.4421826665699,-10.4822991573973,-11.2316818979219,-11.8459513938685,-10.8041202399964,-10.4923944804691,-11.0255938028349,-11.0073605299624,-10.4597255669241,-10.8874065124971,-10.6802108054311,-11.1183330330909,-11.2237355233576,-10.7313787785483,-10.2040265789542,-11.1017689482986,-10.9804067368224,-10.3527757319833,-10.0139871045268,-11.0586556595767,-10.8948567860096,-11.5902072465257,-10.5754277727436,-10.8838252788859,-11.5505819348187,-10.8910736336224,-10.7429344450966,-11.0288395488875,-11.727948921225,-11.4791919610038,-11.2672449454451,-10.2091186107731,-10.8541465976607,-10.6012861157477,-10.4305316646939,-11.2278886323872,-10.8196858267168,-9.48563951985035,-10.9462986635694,-11.1889345188587,-10.3996209651388,-11.3353565724946,-10.5417722029718,-10.6624314918907,-10.071140698157,-10.7298175391757,-10.590332182721,-10.6893040622683,-10.1451969298764,-10.2149988511336
"H4-K5[un];K8[ac];K12[ac];K16[ac]",-11.1492304605155,-9.70401595177385,-10.9450398442282,-9.70843509932078,-9.88572015727601,-10.8576753095249,-10.1330392831478,-9.84884804226924,-9.69563169556882,-11.5614740168145,-10.2008528699116,-8.99722513715446,-10.0088785209444,-10.5956296118984,-10.7844407430911,-10.2919797904769,-10.2110970500138,-10.5129612785376,-8.9547039311451,-10.6948533134505,-9.73376002296848,-9.59435968133434,-11.5322491261254,-10.365541196539,-9.71535408493944,-9.37391435959715,-9.70957299974865,-11.1662675034625,-10.4884789653192,-10.1603333874338,-9.44845932368404,-9.53381221072434,-9.64263415460526,-10.7916687876414,-9.08415440388382,-10.852631093969,-10.9887618871066,-9.64114260582586,-9.34851941856417,-12.0462811736348,-9.41604611196198,-10.6710720296141,-10.5512378304615,-9.13587655111702,-9.99291163855663,-11.2102993703356,-8.73939120987684,-9.65515464756788,-11.1910600813342,-9.83904719117501,-9.4653559959787,-8.98365519335398,-9.87377138024042,-11.576247763704,-11.3661812356462,-9.20182393313021,-9.42537185096279
"H4-K5[un];K8[ac];K12[ac];K16[un]",-8.59385151683368,-9.2573092692175,-8.82942708080962,-9.19603545727981,-9.0289173443258,-9.99878586233558,-9.60914220036636,-9.06019865719069,-9.06172834003343,-9.77481735528469,-9.86904151590607,-9.5954628462342,-9.66886864566755,-9.9732717449355,-9.70607482186081,-8.71455135626925,-9.47223963921101,-10.196106342258,-9.16867933401467,-9.47620250305827,-9.76240321556821,-8.52583173732155,-9.60373181875448,-9.54223665016718,-9.3948091275197,-8.54639363559357,-8.63265342132822,-9.66657052462339,-8.72001316794237,-8.63608281091614,-9.47732235663649,-8.97568455153339,-9.48822531149902,-9.37571506106342,-9.0708896698752,-10.3789809946893,-9.75258771665869,-9.641260626746,-8.57064226724443,-9.582711596813,-9.03729776418666,-10.2627510270412,-9.48983943046137,-8.86682686434206,-7.8171970690084,-9.21504657595317,-9.1613103239419,-9.13905745806191,-9.6067241013033,-9.74414393853218,-9.25301003405005,-9.06281853640966,-9.6567133909407,-9.26161181935296,-9.2705096768031,-8.7021810332699,-8.74755696575637
"H4-K5[un];K8[ac];K12[un];K16[ac]",-6.50253707030607,-6.36522638886564,-6.94779494090178,-6.30399116309998,-8.63271764596373,-6.92982283026042,-7.20419270207382,-6.59625209928104,-6.27360433943157,-7.91450481415197,-7.27487904864028,-6.09556443234378,-6.48771902941281,-7.27504671636623,-6.52103775381783,-6.78739566451764,-6.278568474185,-7.3738980226158,-5.58780136657602,-6.9500490799562,-5.74968236738379,-6.74185106809427,-8.1310329604507,-6.91547093804977,-6.78897999403349,-6.26265671268399,-6.61478421349632,-7.70701017614573,-7.25880015305714,-7.20252007220572,-6.24906123891015,-6.90483340000747,-6.16955252397086,-7.61269240545777,-6.42282945555826,-7.96547091791799,-8.08374439776542,-6.46460197934307,-6.37917132370768,-7.8316778084426,-6.3115995348245,-7.79949690727947,-6.82774103287759,-6.12360173662563,-6.0211343529612,-7.88045108209387,-5.62160123595208,-6.29772060060077,-7.97440194043159,-6.02672565360142,-6.14817315069534,-6.12518044802022,-6.50748744012136,-7.30070235007249,-7.31628412165623,-5.6563687674933,-5.84354155494902
"H4-K5[un];K8[ac];K12[un];K16[un]",-8.27575736507005,-8.56298361431853,-8.03476404741382,-8.3093511182329,-8.61034479744917,-8.09304988121015,-8.52670721859799,-8.53765840513597,-8.3681767690818,-9.0938607410074,-8.63437609981636,-8.71384160841548,-7.88156479736126,-8.72521813986346,-8.60627186481,-8.48553043409677,-8.54229909124035,-8.97423531116838,-8.68066646697262,-8.33759139568507,-7.95557576708615,-8.63925583399261,-9.190035838106,-8.70269247439437,-9.1217400999872,-8.03995560141169,-8.51615130508825,-8.55697976617719,-9.23260091531425,-8.14014801622149,-8.29237080314084,-8.90097040458878,-8.66279442288124,-8.51891826235751,-8.41493193328181,-9.07253809504336,-8.80684318527076,-8.48923484184174,-8.66327826208443,-8.69223393774853,-8.7913281243086,-9.01544566068256,-8.78060439222315,-8.04480766088226,-7.09396258963258,-8.73678668401789,-8.77351006044877,-8.24614171349485,-9.14551743789054,-8.72598532336136,-8.79151110001981,-8.23166797529225,-8.18812797844427,-8.35297651423334,-8.42866837341685,-8.00849504878731,-8.04373500258307
"H4-K5[un];K8[un];K12[ac];K16[ac]",-7.74649838828746,-7.68706033423635,-8.0552320019499,-7.52191741095559,-6.95999626447718,-9.94925645952358,-7.79555421747604,-6.69788991227617,-7.63136190617143,-8.8712638679499,-8.17980137190152,-7.28090906053097,-7.62803235844004,-8.66359943222906,-7.87458928278669,-7.59470817224511,-7.35073446029835,-8.67063670832686,-7.05704996829313,-8.58816828205157,-7.08341375229881,-7.34366084015506,-8.90913864216591,-7.84179957693475,-8.38512006451814,-7.49877262756668,-7.84648533880312,-8.28934172950439,-8.27014366339124,-8.04578477653535,-7.59618466906315,-7.90467433613435,-7.38560879263445,-8.67126148272377,-7.39412441016749,-9.16581719323031,-9.0801920834597,-7.74043565935727,-7.34060436313934,-8.96393229548493,-7.39774637461742,-8.75104934032782,-7.8822684779243,-7.02115317838709,-6.91251285533949,-8.85600549748458,-6.68094631075993,-7.43070205358161,-8.86449924758733,-7.09231403200846,-7.27533805386308,-7.3212491734668,-7.41391284782982,-8.27942207391499,-8.29111114956324,-6.78312311600647,-6.87257525129084
"H4-K5[un];K8[un];K12[ac];K16[un]",-7.40197366415727,-8.06321590468745,-7.1694075828482,-7.88217722980693,-8.27044445506438,-7.5415114409077,-7.88479290702537,-8.7400734610019,-7.84377641815227,-7.96862293396514,-8.06855700481549,-8.08913430626862,-7.55293725709716,-7.96679863257063,-7.8544109938836,-7.61332945478038,-7.84197134841407,-7.85695760928611,-8.46784621875896,-7.66038246657571,-7.93001826298413,-7.99782921372538,-8.13749430656935,-8.24414221703344,-8.06026896264422,-7.7018902304063,-8.04456581150272,-8.3236699463816,-7.81352762676438,-7.30629366356773,-8.28850938304071,-8.37123294120137,-8.27374002315337,-7.76027157801018,-8.37045936791194,-7.65416786451858,-7.88891419909529,-8.30429705403371,-8.35165789659579,-7.77133072150699,-8.3020199838712,-7.74441996828978,-8.1382291195426,-7.70287439416806,-6.5006976339038,-7.68959397024984,-7.97234472236005,-8.11580185939731,-7.98781887622822,-8.11503212399983,-8.17546827672241,-8.10770075846735,-8.26463437624348,-7.53718953072577,-7.64702699122595,-7.62011457301695,-7.6571692809726
"H4-K5[un];K8[un];K12[un];K16[ac]",-5.10418808539172,-4.93150445179168,-5.08295438502492,-4.86474989260486,-5.18521051934828,-7.94443507636686,-5.09363434912302,-5.21178134355502,-7.38044705866857,-5.4317372777427,-5.07016184189309,-5.07033185601889,-7.5013816065703,-5.51235067016051,-5.06127263740514,-5.3362364620995,-7.03957590039132,-5.38925667971623,-5.17093983643995,-5.32655996110462,-5.03282758505384,-5.18423682762705,-5.43545283788001,-5.02710576197955,-5.27615779631026,-5.23101834703995,-5.32826936482977,-5.27121319939503,-5.39456451228667,-5.33766716030015,-9.18382107558886,-5.09610676093542,-5.42926369858849,-5.32363249224108,-4.98285867025574,-6.26712091196685,-5.38468889501465,-4.94218298026314,-5.22220815470368,-5.60698220287824,-5.10744451147821,-5.37962778750073,-5.18432043333328,-5.47130822643759,-5.39570422810942,-5.41473890811048,-5.16633504418443,-5.10154970260384,-5.84429673100588,-5.132106334153,-5.28704937795875,-5.28182889441175,-5.50524121453066,-5.35129547238337,-5.20320895249951,-4.90352880768278,-5.0311114571552
"H4-K5[un];K8[un];K12[un];K16[un]",-3.73534375567811,-3.94861303368946,-3.74618435535317,-3.93354451841242,-3.81171048159492,-5.13631665655443,-3.92650395959579,-3.9135398187589,-4.99618242081366,-3.77350439786158,-3.91785594467847,-3.85061671172233,-4.85101881717293,-3.67269252462598,-3.96835891510724,-3.82691329443241,-4.92665616032913,-3.73159898463938,-3.86215302315694,-3.744550856501,-4.01162653834051,-3.81647693837686,-3.70185070983732,-3.93238669848551,-3.74873520594666,-3.81122561876571,-3.79204746617882,-3.75957918417452,-3.77149866700145,-3.766174772305,-3.99235995299719,-3.94577693446036,-4.32232929372744,-3.47277785031375,-4.10774516551577,-3.53771084505904,-3.37007652739982,-3.81358722402125,-4.5649155363655,-3.4187991916737,-3.87759856887228,-3.65422023340891,-3.76705763515184,-3.99760557975817,-4.22214155674873,-3.34649965369689,-4.4223587876467,-4.22665140204157,-3.58671445651581,-4.66590010923008,-4.45023584255321,-4.39142322424651,-4.15971881599686,-3.94218650068051,-3.74365386530533,-4.29358001569978,-4.35928195328994
