"","log2FC","p.value","p.adj","PTM.Name.Readable"
"H4-K5[ac];K8[ac];K12[un];K16[ac]",1.77329149573785,6.08698788478062e-07,1.85329717953244e-05,"H4K5acK8acK16ac"
"H4-K5[un];K8[ac];K12[ac];K16[ac]",1.31848449751327,6.99357426238656e-07,1.85329717953244e-05,"H4K8acK12acK16ac"
"H4-K5[ac];K8[un];K12[ac];K16[ac]",1.47742334324376,1.16923106961984e-06,2.06564155632838e-05,"H4K5acK12acK16ac"
"H31-K4[me]",1.41908036471215,2.4961064759622e-05,0.000330734108064992,"H3K4me"
"H31-K4[un]",-0.161592102719196,4.98449682513241e-05,0.000478154793187124,"H3"
"H4-K5[un];K8[un];K12[ac];K16[un]",-0.683259456181552,5.41307313042027e-05,0.000478154793187124,"H4K12ac"
"H2A1A-K5[ac];K9[un]",0.940448720758757,0.00131557069333847,0.00996074953527698,"H2A1AK5ac"
"H2A1A-K5[un];K9[un]",-0.0802836214880913,0.00157232214257961,0.0104166341945899,"H2A1A"
"H31-K18[ac];K23[un]",0.957872493181729,0.00407254116729357,0.0231513309613572,"H3K18ac"
"H4-K5[un];K8[un];K12[un];K16[un]",-0.217547165946453,0.00436817565308627,0.0231513309613572,"H4"
"H4-K5[un];K8[ac];K12[un];K16[ac]",0.697994420207377,0.00501008350009739,0.024139493227742,"H4K8acK16ac"
"H2AX-K5[un];K9[un]",0.247572885125327,0.00638736531854225,0.0282108634902283,"H2AX"
"H2AJ-K5[ac];T6[ac];K9[un]",-0.0184286918809733,0.0075787444420162,0.0308979581097584,"H2AJK5acT6ac"
"H4-K5[ac];K8[ac];K12[ac];K16[ac]",2.2330667287005,0.00960306154967087,0.0363544472951826,"H4K5acK8acK12acK16ac"
"H4-K5[ac];K8[un];K12[un];K16[ac]",1.27230445717334,0.0139560118336438,0.0493112418122081,"H4K5acK16ac"
"H31-K9[ac];K14[un]",2.35319589969249,0.0152185974308861,0.0504116039898101,"H3K9ac"
"H31-K9[ac];K14[ac]",2.17244376477227,0.0186023574590683,0.0579955850194481,"H3K9acK14ac"
"H4-K5[un];K8[ac];K12[un];K16[un]",-0.173378866785385,0.0209151220395668,0.06158341489428,"H4K8ac"
"H31-K9[un];K14[ac]",0.479208045407084,0.02845584978535,0.0793768441380817,"H3K14ac"
"H4-K5[un];K8[un];K12[ac];K16[ac]",0.673961771355695,0.0371713967237313,0.0985042013178879,"H4K12acK16ac"
"H31-K9[un];K14[un]",0.30503735081533,0.0506676114871679,0.127875400419995,"H3"
"H4-K5[un];K8[ac];K12[ac];K16[un]",-0.218876235274885,0.0767147796880491,0.184812878339391,"H4K8acK12ac"
"H31-K18[un];K23[su]",-1.61157214034801,0.0813320179655087,0.187417258790085,"H3K23su"
"H4-K5[un];K8[un];K12[un];K16[ac]",-0.168929713078261,0.103613886758042,0.220566505087003,"H4K16ac"
"H31-K9[un];K14[ub]",0.35766145684732,0.104040804286322,0.220566505087003,"H3K14ub"
"H31-K27[me];K36[me2];K37[un]",-0.778543238093577,0.108513111766069,0.221199804753911,"H3K27meK36me2"
"H4-K5[ac];K8[ac];K12[un];K16[un]",0.451442291967793,0.122592181911181,0.240643912640467,"H4K5acK8ac"
"H1-K25[me];K31[un]",0.340458804001099,0.213708574163593,0.402604947129058,"H1K25me"
"H31-K9[me3];K14[ac]",-0.203374630286384,0.220293272957409,0.402604947129058,"H3K9me3K14ac"
"H4-K5[ac];K8[ac];K12[ac];K16[un]",-0.956296130390937,0.265315046719641,0.460139744473404,"H4K5acK8acK12ac"
"H31-K18[un];K23[ac]",-0.157157711329704,0.269138341107085,0.460139744473404,"H3K23ac"
"H31-K27[un];K36[me2];K37[un]",0.497517374577992,0.279625076984899,0.463129033756238,"H3K36me2"
"H31-K9[me2];K14[ac]",0.00483001645235244,0.296045204832821,0.475466541095137,"H3K9me2K14ac"
"H31-K79[un]",-0.112887666239055,0.412488225025938,0.624132562296429,"H3"
"H31-K79[me]",0.265936195562077,0.427108540760669,0.624132562296429,"H3K79me"
"H4-K5[ac];K8[un];K12[un];K16[un]",-0.213243510522448,0.428232649074881,0.624132562296429,"H4K5ac"
"H1.2-K33[ac];K45[un];K51[un]",NA,0.453938773701153,0.624132562296429,"H1.2K33ac"
"H31-K9[me2];K14[un]",-0.0453905168451515,0.455411928658322,0.624132562296429,"H3K9me2"
"H1.2-K33[un];K45[un];K51[un]",0.264143143584771,0.474442981882959,0.624132562296429,"H1.2"
"H31-K9[me];K14[un]",-0.457645497342957,0.49234082239551,0.624132562296429,"H3K9me"
"H31-K18[un];K23[un]",-0.139097011913886,0.494774284379127,0.624132562296429,"H3"
"H31-K9[me3];K14[un]",0.144195067037859,0.499955775520372,0.624132562296429,"H3K9me3"
"H31-K27[me2];K36[me];K37[un]",0.0946483396698365,0.506371701485782,0.624132562296429,"H3K27me2K36me"
"H2A1B-K13[un];K15[un]",-0.0506625920240334,0.520928064957007,0.626510537514702,"H2A1B"
"H2A1B-K13[un];K15[ac]",0.0589559181742065,0.531942909210596,0.626510537514702,"H2A1BK15ac"
"H4-K5[ac];K8[un];K12[ac];K16[un]",0.398858224079451,0.583398924206537,0.672177021368401,"H4K5acK12ac"
"H31-K18[ac];K23[ac]",0.0232218920241252,0.645651908993207,0.728075556949787,"H3K18acK23ac"
"H2AJ-K5[un];K9[un]",1.3694889292435,0.709835361971727,0.783776545510449,"H2AJ"
"H2AJ-K5[ac];K9[ac]",-0.00689097349338102,0.729502706936043,0.789053948318577,"H2AJK5acK9ac"
"H1-K25[un];K31[un]",-0.0762653744366433,0.836014490477162,0.886175359905792,"H1"
"H1.5-K33[un];K45[un];K51[un]",-0.239212712949444,0.860250700890881,0.893986022494445,"H1.5"
"H1.5-K33[ac];K45[un];K51[un]",0.0570258988476681,0.967562062399156,0.986169025137601,"H1.5K33ac"
"H31-K9[me];K14[ac]",-0.0704383611119715,0.997390628045675,0.997390628045675,"H3K9meK14ac"
