"","100_C2_Slot1-1_1_1339","100_C3_Slot1-1_1_1319","100_C4_Slot1-1_1_1298","1_D3_Slot1-1_1_1321","1_D4_Slot1-1_1_1300","1_E3_Slot1-1_1_1322","1_E4_Slot1-1_1_1301","1_F3_Slot1-1_1_1323","1_F4_Slot1-1_1_1302","1_G3_Slot1-1_1_1325","1_G4_Slot1-1_1_1305","1_H2_Slot1-1_1_1341","1_H3_Slot1-1_1_1326","1_H4_Slot1-1_1_1306","1_I2_Slot1-1_1_1342","1_I3_Slot1-1_1_1327","1_I4_Slot1-1_1_1307","2_J2_Slot1-1_1_1344","2_J3_Slot1-1_1_1329","2_J4_Slot1-1_1_1309","2_K2_Slot1-1_1_1345","2_K4_Slot1-1_1_1310","4_L2_Slot1-1_1_1347","4_L3_Slot1-1_1_1332","4_L4_Slot1-1_1_1312","4_M3_Slot1-1_1_1333","4_M4_Slot1-1_1_1313","8_N3_Slot1-1_1_1335","8_N4_Slot1-1_1_1315","8_O3_Slot1-1_1_1336","8_O4_Slot1-1_1_1316","empty_B2_Slot1-1_1_1338","empty_B3_Slot1-1_1_1318","empty_B4_Slot1-1_1_1304","auto_2_B3_empty_Slot1-1_1_3417","auto_2_C3_100cell_Slot1-1_1_3400","auto_2_E2_1cell_Slot1-1_1_3420","auto_2_E3_1cell_Slot1-1_1_3418","auto_2_F2_1cell_Slot1-1_1_3421","auto_2_F3_1cell_Slot1-1_1_3419","auto_2_G3_2cell_Slot1-1_1_3422","auto_2_H3_2cell_Slot1-1_1_3423","auto_2_I3_2cell_Slot1-1_1_3424","auto_2_J3_4cell_Slot1-1_1_3425","auto_2_K3_4cell_Slot1-1_1_3426","auto_2_L3_4cell_Slot1-1_1_3427","auto_2_M3_8cell_Slot1-1_1_3428","auto_2_N3_8cell_Slot1-1_1_3429","auto_2_O3_8cell_Slot1-1_1_3430","auto_4_B4_empty_Slot1-1_1_3491","auto_4_C4_100cell_Slot1-1_1_3505","auto_4_D3_1cell_Slot1-1_1_3495","auto_4_D4_1cell_Slot1-1_1_3492","auto_4_E4_1cell_Slot1-1_1_3493","auto_4_F4_1cell_Slot1-1_1_3494","auto_4_G4_2cell_Slot1-1_1_3496","auto_4_H4_2cell_Slot1-1_1_3497","auto_4_I4_2cell_Slot1-1_1_3498","auto_4_J4_4cell_Slot1-1_1_3499","auto_4_K4_4cell_Slot1-1_1_3500","auto_4_L4_4cell_Slot1-1_1_3501","auto_4_M4_8cell_Slot1-1_1_3502","auto_4_N4_8cell_Slot1-1_1_3503","auto_4_O4_8cell_Slot1-1_1_3504","nabut_1_B4_empty_Slot1-1_1_3712","nabut_1_C2_ctrl_100_Slot1-1_1_3703","nabut_1_C3_treat_100_Slot1-1_1_3665","nabut_1_C4_ctrl_100_Slot1-1_1_3704","nabut_1_C5_treat_100_Slot1-1_1_3666","nabut_1_D2_mix_Slot1-1_1_3691","nabut_1_D3_mix_Slot1-1_1_3720","nabut_1_D4_ctrl_Slot1-1_1_3706","nabut_1_D5_treat_Slot1-1_1_3713","nabut_1_E2_mix_Slot1-1_1_3692","nabut_1_E3_mix_Slot1-1_1_3721","nabut_1_E4_ctrl_Slot1-1_1_3707","nabut_1_E5_treat_Slot1-1_1_3714","nabut_1_F2_mix_Slot1-1_1_3693","nabut_1_F3_mix_Slot1-1_1_3722","nabut_1_F4_ctrl_Slot1-1_1_3708","nabut_1_F5_treat_Slot1-1_1_3715","nabut_1_G2_mix_Slot1-1_1_3694","nabut_1_G3_mix_Slot1-1_1_3723","nabut_1_G4_ctrl_Slot1-1_1_3709","nabut_1_G5_treat_Slot1-1_1_3716","nabut_1_H2_mix_Slot1-1_1_3695","nabut_1_H4_ctrl_Slot1-1_1_3710","nabut_1_H5_treat_Slot1-1_1_3717","nabut_1_I2_mix_Slot1-1_1_3696","nabut_1_I3_mix_Slot1-1_1_3725","nabut_1_I4_ctrl_Slot1-1_1_3711","nabut_1_I5_treat_Slot1-1_1_3718","nabut_1_J2_mix_Slot1-1_1_3697","nabut_1_K2_mix_Slot1-1_1_3698","nabut_1_L2_mix_Slot1-1_1_3699","nabut_1_M2_mix_Slot1-1_1_3700","nabut_1_N2_mix_Slot1-1_1_3701","nabut_1_O2_mix_Slot1-1_1_3702","nabut_4_B2_empty_Slot1-1_1_3639","nabut_4_B4_empty_Slot1-1_1_3674","nabut_4_D2_mix_Slot1-1_1_3640","nabut_4_D4_ctrl_Slot1-1_1_3668","nabut_4_D5_treat_Slot1-1_1_3675","nabut_4_E2_mix_Slot1-1_1_3641","nabut_4_E3_mix_Slot1-1_1_3682","nabut_4_E4_ctrl_Slot1-1_1_3669","nabut_4_E5_treat_Slot1-1_1_3676","nabut_4_F2_mix_Slot1-1_1_3642","nabut_4_F3_mix_Slot1-1_1_3683","nabut_4_F4_ctrl_Slot1-1_1_3670","nabut_4_F5_treat_Slot1-1_1_3677","nabut_4_G2_mix_Slot1-1_1_3643","nabut_4_G3_mix_Slot1-1_1_3684","nabut_4_G4_ctrl_Slot1-1_1_3671","nabut_4_G5_treat_Slot1-1_1_3678","nabut_4_H2_mix_Slot1-1_1_3644","nabut_4_H3_mix_Slot1-1_1_3685","nabut_4_H4_ctrl_Slot1-1_1_3672","nabut_4_H5_treat_Slot1-1_1_3679","nabut_4_I2_mix_Slot1-1_1_3645","nabut_4_I3_mix_Slot1-1_1_3686","nabut_4_I4_ctrl_Slot1-1_1_3673","nabut_4_I5_treat_Slot1-1_1_3680","nabut_4_J2_mix_Slot1-1_1_3646","nabut_4_K2_mix_Slot1-1_1_3647","nabut_4_L2_mix_Slot1-1_1_3648","nabut_4_M2_mix_Slot1-1_1_3649","nabut_4_N2_mix_Slot1-1_1_3650","nabut_4_O2_mix_Slot1-1_1_3651","nabut_4_control_C2_100_Slot1-1_1_3652","nabut_4_control_C4_100_Slot1-1_1_3653","nabut_4_treat_C3_100_Slot1-1_1_3655","nabut_4_treat_C5_100_Slot1-1_1_3656"
"H1-K25[me];K31[un]",344745,230317,243363,26545,21329,36004,27313,13462,22391,62590,24288,41794,29958,30841,19147,34728,37917,28090,29165,30421,30134,30048,103895,48347,32986,43634,49018,83167,85115,97622,81285,5305,19272,20577,574,98436,49544,271923,16305,15989,413254,695263,68006,1160816,1047624,94330,2042331,102644,71389,4641,11523,16188,13011,56063,17799,387355,42536,56731,46013,52970,153982,16593,1766437,280471,2679,8731638,8102863,5786196,6943239,157201,103865,6697,76021,164478,118393,105346,75751,137612,277008,139790,107527,161661,93054,96276,42409,135122,90353,119640,132704,4038,127886,102411,136715,159184,147786,194428,157915,138676,6295,2438,133537,3713,130095,158046,282382,5173,144501,166072,323444,4614,145006,124613,179887,2823,126118,173605,324168,3757,160094,321442,350781,2537,129785,216764,238808,154091,146854,143605,165165,10155818,7749131,7517375,8344372
"H1-K25[un];K31[un]",3778830,2803868,2875492,151622,94837,142521,89091,98259,94172,152736,109209,84792,90710,100755,96196,101025,138423,216218,256493,153146,169916,183909,298883,364180,310480,305269,359430,662179,760915,698491,495371,5652,5205,15477,7388,6571253,111806,120210,111661,127144,207211,315252,222018,540116,431031,380151,958288,953712,819511,3913,3592311,88148,96872,94056,98109,196519,200873,156236,324646,320586,296972,189789,759216,664265,15416,355659,858175,444959,848359,17596,16430,9757,18453,20312,16643,17552,22458,26049,20213,19426,21607,13168,15924,13918,12676,27208,14955,15723,18607,7724,18707,9864,16171,22914,18169,10854,10304,8287,12446,4888,22588,6097,14482,24189,44742,1789,18293,10274,30486,3487,12413,27374,26214,4842,18613,10860,36983,3255,33738,10102,22883,3816,28464,36997,18493,22932,27657,40342,27542,682724,437817,1580166,1638087
"H1.2-K33[ac];K45[un];K51[un]",23115,34239,16279,6472,10014,7557,8426,4457,7265,15779,6801,9753,7620,5863,6339,10228,10137,11572,8355,12888,10486,9477,14572,14486,12217,16910,15053,15598,22786,20412,18491,12712,5493,8714,9367,91975,10052,8832,6515,4479,9027,9695,13604,10515,9472,19442,15965,14393,19157,5176,21808,13436,6331,2676,15474,15506,18855,20617,10181,19505,7529,9438,9859,18221,283963,56809,10787,73910,29654,260353,230217,8909,303200,187569,219897,235364,245081,293548,204400,265078,235227,235476,266573,299803,272408,201635,298416,237984,282712,14814,302016,292809,265134,276606,236259,222175,251678,272537,14434,20670,37117,23356,21258,39635,10268,30458,18204,35039,10897,24908,13361,48322,17782,16159,13215,37566,21085,14782,17762,21110,17712,21371,17999,33975,27924,23909,13308,26402,15684,90927,11667,26561,88171
"H1.2-K33[un];K45[un];K51[un]",1547193,2921,828036,32323,254263,37210,79635,22593,30827,31336,33823,29769,20355,23231,15806,23624,43785,41039,56049,45108,24134,42621,75234,63151,161080,50082,75283,140218,157528,125182,174659,14166,7669,103372,42818,902652,182248,292662,266173,270258,449773,597505,498449,1032479,940473,712881,1699702,1491570,1537002,26623,4222143,108710,182714,168723,157658,365052,319261,249818,594713,502924,452992,914437,1367698,1023551,33132,2038795,2137234,2833873,1617474,43310,47894,22107,45664,36643,68357,120232,53122,38772,76477,84335,58282,57800,55839,108714,26214,30053,83908,49404,44824,6558,66691,51118,31163,46753,47505,58119,39561,58619,8072,29554,84782,212328,97196,99941,255606,112241,95324,117615,264607,121639,91254,61954,138117,75675,64486,104027,202063,58246,71456,175957,146706,30170,100505,155002,138813,102250,108990,76014,105898,2408757,2333419,2187979,1928037
"H1.5-K33[ac];K45[un];K51[un]",1897,24825,220815,1985,17386,6788,7910,1365,4982,4470,5164,5502,5575,2887,4131,3921,2466,15459,1990,6086,9122,2297,9394,2869,610,5541,3114,2731,4219,6342,1728,5370,2330,4235,42818,22930,182248,292662,266173,270258,449338,597505,498449,1037811,940473,712881,1699702,1491570,1537002,26623,4100416,108710,182714,168723,157658,365052,319261,249818,594713,502924,452992,914437,1367698,1023551,33132,2038795,2137234,2833873,1622456,36910,56714,13737,45664,36927,43703,120232,53122,25554,84253,84335,58282,40619,35932,108714,26214,38821,83908,49738,24131,7953,66691,51118,26662,6110,44870,44048,44142,45008,50295,36616,88310,212328,93687,102229,250398,112241,95324,108579,272195,121639,88367,64611,139073,75675,69602,100059,197552,58246,78726,170184,163294,30170,100505,152577,136222,100752,107990,73410,102087,2408757,2333419,2187979,1928037
"H1.5-K33[un];K45[un];K51[un]",278352,44233,95377,18490,75740,16361,29009,8722,8430,13657,12065,14071,12832,11081,25410,17589,16282,9982,17518,19453,35588,13646,20298,21651,29116,17748,31421,24352,35541,26209,22616,8755,8761,29454,11249,1648,54267,69715,47784,50995,85684,83313,103887,216375,152210,168575,307296,412056,292178,19062,952108,32678,31339,30596,41864,76404,56257,49202,97719,112700,112372,182841,256482,229997,40903,829777,545282,602941,420998,26343,31769,3857,37347,12340,26115,57414,24586,28847,59571,54743,23664,12457,39744,50563,26567,24315,62261,11551,12969,7341,48923,49900,10466,11180,14301,19642,32481,20765,43046,17488,32065,65006,58980,21568,107329,46996,46137,24794,83273,51946,42048,24943,75186,37062,35159,26294,65113,29151,27382,59243,48097,17465,29848,35645,32520,27047,22791,24790,29060,595291,529926,500217,398133
"H2A1A-K36[un]",1463496,75704,222101,26328,69373,23769,56405,29613,36350,28312,41499,24511,57529,37744,84542,31831,55195,27518,34962,39036,11033,25901,99603,39219,122838,42265,57249,107986,129984,67335,164964,53855,29702,54737,2332,84046,3611,2159,1285,4413,3307,3788,4464,5978,1781,7315,19229,16113,12292,1125,490651,7177,4023,7580,5749,9731,22187,7642,19490,20636,16270,1958,45635,36782,34002,177147,147387,241748,124322,36386,52058,10593,36328,26012,51539,37114,33136,33279,35127,26116,37341,20446,39803,51422,33112,30979,41752,18652,40504,8342,37160,33896,12480,34349,27696,17928,7201,57797,19617,16393,22535,8315,18031,19555,21088,16689,20476,27723,13597,12744,19202,39867,8523,22569,16427,23574,15950,10179,16541,7975,13465,9806,18122,12316,13423,13801,11939,24953,26569,128778,110168,102639,125365
"H2A1A-K5[ac];K9[un]",1715294,1075873,1201061,64093,31243,69014,33235,35933,37797,61705,35646,37782,37301,16210,25731,41468,81006,73707,109347,74831,69561,71068,112069,180909,144279,119621,135749,255262,310951,275200,240397,9148,5984,8547,4205,2348554,37259,44514,54879,30227,88860,111755,116803,162851,167435,156487,296173,337845,295921,9670,1187990,39688,43312,27064,32807,87447,97536,71847,161078,120943,145217,247177,238366,299379,13758,1487890,2828671,1665896,2319638,26093,33305,8400,53383,66810,72719,32031,40108,54501,76236,45090,67483,37866,39426,46954,45510,62359,44099,68183,55928,7484,43186,39845,45637,73425,65287,35758,32713,31429,10460,8495,71897,8871,52151,73079,140807,9777,66484,22684,73564,3340,61083,55521,67870,4969,74098,35415,128338,11879,117285,22947,97950,4679,94236,112567,44984,74173,87315,154832,75101,1827980,1276052,4297863,4499527
"H2A1A-K5[un];K9[un]",13086677,10806736,11091146,804468,512030,990300,433379,531633,433783,840817,444398,503197,485399,452496,403411,514111,823121,1020370,1448123,917812,1213493,1055449,2566222,2178300,1841436,1779241,2034767,3409368,3635203,3695587,3312503,9449,11003,21342,7854,27956636,711753,689974,633028,728110,1204687,1823855,1456255,3090216,2705512,2413545,5685473,5843253,5002866,16572,17772758,486661,518579,534709,538149,1230014,1401523,981987,1909082,1926843,2004936,3245529,4236126,4019310,16622,26648988,21618152,25995930,18715450,455536,481618,30310,439308,481103,441426,521920,447733,430073,884792,614413,448455,459571,395543,444509,201697,435632,397226,444821,418401,5387,604231,454531,439035,508027,460848,589150,494141,471801,4418,12210,387928,30633,447427,407625,1190382,13656,421287,428875,1231916,18392,410727,272450,789040,15533,406535,477154,1250058,13349,477179,814760,1263915,7104,379706,535679,589691,399121,398816,346813,412266,26995818,20140608,19978180,21945182
"H2A1A-K74[un];K75[un]",460264,195662,221726,17238,15541,11688,25151,6757,18411,15510,17839,17472,17424,5137,21461,18293,14159,16733,24630,22269,26907,29787,48128,33156,29204,37085,32683,52141,59622,59004,50618,9521,6164,12848,7549,3048243,197154,124806,192846,130495,401892,338434,327204,688887,803764,669090,1877808,1729227,1446482,7954,1680340,106060,84719,103527,99472,279028,326211,224492,345811,369383,352310,504979,727405,1160791,7355,11791169,8264565,9585702,7058110,195604,206108,10601,170344,183461,178625,234172,189715,192631,381213,233355,202577,173278,176467,108643,27339,180167,180097,207268,189684,2495,131990,209621,192340,195429,195571,263849,219545,196188,5519,4895,185034,16316,184298,155706,371369,4065,166315,214972,457773,9930,212710,106463,331992,4019,174749,232117,395483,3899,202925,284323,432090,6466,186371,325372,205800,235325,193017,243511,235210,5045727,3790112,4747705,5032167
"H2A1B-K13[un];K15[ac]",5261964,4372479,4555138,279457,220301,318085,155947,192283,172861,298634,197714,194303,185341,177848,223046,158807,297689,398408,588827,357089,388287,382128,1030970,829266,618187,653291,808017,1291291,1443554,1376987,1273275,10316,9880,7067,1354,11779933,233373,233213,229400,223150,421708,608490,550426,1082818,1012685,776497,2171270,1957876,1857874,3663,8135867,172076,185501,177784,170065,406005,501404,335541,658600,695694,617410,1231123,1482923,1271947,32686,13729858,11327009,13897234,9744763,155919,167836,11303,142954,184958,159965,171513,169927,146721,285162,158723,169901,144321,144201,153034,45549,135515,146671,166456,156253,3940,161877,159843,145947,177735,129177,177738,142509,144102,829650,5989,154418,14229,154466,147590,380420,6257,149945,144576,356373,8762,144039,157651,254118,6683,153039,149280,379430,4238,161427,265582,400413,6525,161921,197655,203911,157256,157801,160161,163367,13842246,9095330,11288250,12826465
"H2A1B-K13[un];K15[un]",8357226,6354161,5940910,456034,179119,553921,253475,248841,248501,473175,207855,285766,293034,239071,247300,350149,519425,505785,760659,516411,520624,668547,1440144,1256347,1004798,1062892,1146133,2104407,2156679,2274655,2010829,8298,4320,12639,7440,13430901,107565,221031,104626,113677,272460,289829,389094,1317188,1399692,514043,409402,509894,1219432,12002,5832183,248705,226048,237966,252881,570420,515811,371340,833594,757079,680676,1746171,1898695,1930385,26966,15913791,12119874,13671065,10570668,316051,308209,33535,199036,250207,233220,256383,184503,212193,438103,262397,223072,225778,281775,182492,56098,378623,198753,218399,209006,10853,289853,179000,240814,267895,310253,302339,300931,261392,12323,7934,203016,20286,217076,202748,488310,15292,194996,239555,618998,10214,200817,171768,403160,13448,231736,248788,582184,10512,274091,442084,520384,10782,224150,321525,254287,218949,212692,195109,204874,16482517,11528594,13941479,15185813
"H2AJ-K5[ac];K9[ac]",13234270,11218321,11398901,818681,519560,1013592,454938,552924,456143,876111,469278,537080,511800,483194,717537,549257,861362,1033924,1479289,959673,1224690,1097820,2597141,2212944,1877062,1813026,2092607,3482665,3845017,3773617,3483083,24415,44210,27684,7416,27864036,689788,681559,626446,714861,1195736,1807480,1457929,3054850,2760982,2404183,5649173,5781389,4947317,13511,17875920,496904,511481,533885,528649,1226552,1419878,969754,1930120,2013143,2011118,3728200,4315493,3962511,15986,26660514,21618152,26009132,18738848,465929,464721,23553,423213,474382,439439,513892,450594,425411,883486,608831,432741,456301,382858,443532,191276,433981,393821,446557,408223,4438,592271,439561,437203,499864,446105,581937,487887,461424,5119,7453,374462,29477,445548,404209,1141970,14460,419377,431337,1178665,14632,409507,261606,788836,8807,409340,475362,1247683,10199,474687,854946,1253096,6687,379911,536788,590142,398311,398740,362523,410881,27352462,20139004,20092846,21967290
"H2AJ-K5[ac];K9[hib]",299925,205036,559018,41095,9116,43586,22247,31762,18974,47193,20000,31024,31941,16350,28048,26688,26993,24445,59847,45086,19007,52002,108471,94409,59513,88126,92430,157332,129626,168498,152444,19363,11801,6590,3341,147129,4632,4622,5648,2192,2525,5779,2570,10717,4133,4617,12852,13440,13521,3123,50585,1647,2763,2769,7475,7243,12846,10445,6798,6062,6903,18922,13734,10554,8369,64769,27711,50687,26405,2610,5268,5719,2171,3666,3253,7591,4660,2910,589,5644,5806,3070,6445,5182,5962,4362,10631,5972,1832,873,6137,3459,2477,1425,2386,2315,1658,2753,22895,1165,6050,4649,4008,3787,5870,2707,2775,3115,4604,2797,4495,7837,4118,1049,2161,5373,3636,2229,3351,3743,6482,1283,2836,3201,4579,4364,3721,6298,3171,61230,49717,96018,88443
"H2AJ-K5[ac];K9[un]",68559,38771,26711,9633,7283,3275,7715,8000,3997,5812,9013,6178,9749,4397,7785,15165,8479,13268,18086,4223,16192,10147,4825,16901,13011,13856,11492,28157,14935,19218,13819,9692,12033,10424,4738,182594,3135,7005,5300,2098,7836,6729,4430,5467,6024,7724,12261,12043,6976,1551,5210,3492,4816,3175,3878,3631,8365,3871,3441,9465,8960,3665,11108,9862,7489,32687,93411,52161,79588,6409,8476,2663,12361,4888,1462,10879,4346,4975,2131,3997,8351,5630,6932,4178,7892,3018,13921,8959,4096,1086,7236,8296,3522,2198,3723,3252,1679,5106,4434,5571,8988,1768,4881,6278,5498,1682,5097,5794,2824,2723,5845,15211,10732,4097,2741,6498,6784,2333,5952,7339,7058,1343,4854,5437,6295,3689,3922,6492,7171,65223,33966,90024,118436
"H2AJ-K5[ac];T6[ac];K9[un]",4239294,3714958,3587298,339794,213215,415650,171638,230795,176468,357179,184303,213412,201414,201064,209531,209700,341150,425624,604956,379875,516244,429534,1091849,927639,762826,747917,861539,1451978,1514934,1529299,1373301,9318,10259,18977,5881,10214952,270635,246334,234005,266930,452333,674189,544123,1156428,1043663,870544,2141938,2212501,1941785,6950,7076393,190275,200572,208718,205631,483452,554645,370894,759818,793539,798194,1266458,1737253,1632097,8411,10138009,8157221,9718044,7193078,191984,197937,12592,175246,194109,190654,211766,188637,178894,380457,257785,195387,194834,167601,191947,83211,179060,161218,182210,172482,3045,244467,192530,188952,208774,193051,249206,200304,191440,2864,4302,147550,9725,182398,160368,491857,5521,167435,173043,506061,5778,168192,103005,338867,4584,162921,185762,531022,3943,186006,349841,528549,5020,156836,201401,219907,153104,154650,140907,160547,10105558,7464949,7581271,8194188
"H2AJ-K5[un];K9[un]",257295,196079,208757,28856,20554,28393,26500,29085,24001,26221,17035,39463,29485,19105,37560,32991,12992,28387,42549,15268,27142,14920,45489,58032,33816,54643,33426,68018,44667,68034,57072,29756,4247,17427,1021,266552,12259,7693,4344,4091,14211,14143,9437,27773,28118,33203,61930,71375,36737,1850,161194,8184,3185,4778,5841,7090,12777,16140,11208,18751,16588,377,29924,32614,11827,332300,376914,327342,329467,10555,9213,1431,20836,9607,14625,31168,24314,9252,21995,25353,18722,12366,12221,27057,20482,11531,29742,20224,11113,2544,22339,19893,16612,13748,15985,8095,12016,11183,2735,1679,8168,2524,9001,3307,8290,1945,7448,3876,15312,3480,5662,9989,8919,1812,6261,9625,12354,1554,4218,7537,6411,1648,9971,12335,13039,3892,3542,6855,5223,265055,190045,292345,328448
"H2AX-K5[un];K9[un]",542934,368429,356687,31143,27254,28527,23805,28314,33897,29097,28424,26252,23183,31028,30618,24626,38189,47041,42252,42964,31818,43279,69377,76524,60642,54680,61344,105805,117335,94455,119464,22208,22350,13015,9851,712303,37518,29700,35629,30192,49350,65990,62794,102676,83979,101798,173518,175460,157295,14181,561198,31239,26511,26516,33081,66603,112945,66925,79927,91364,87357,81355,152248,128618,7649,795770,854418,823748,736245,32258,21210,4622,23968,33787,25567,28481,31498,16843,28878,31259,30236,12568,20755,27586,18718,29106,33129,28160,32243,2324,21721,32109,27722,16761,19405,23963,22131,10186,8981,3537,17057,3631,25554,25962,33619,4810,25214,13630,40147,5502,29711,16626,29512,5686,22832,14774,33018,5527,24871,36405,29773,3998,18450,26531,22221,12113,20431,26038,19118,753688,543814,797876,779832
"H2B1A-R79[Me]",21936,18534,27301,11741,14035,12667,23087,6727,13139,8562,15415,7600,7857,24209,11436,11691,21613,9573,17352,22815,4760,10812,7025,11085,4444,11700,9932,7137,16219,9575,11114,15633,15201,12892,48112,122135,22257,13786,37712,21418,19858,22466,7688,23423,9925,30899,23135,27143,11115,14175,54391,13058,20910,25998,6220,21410,34248,11813,47957,26495,7330,26055,12336,22726,NA,NA,NA,NA,NA,NA,NA,NA,NA,NA,NA,NA,NA,NA,NA,NA,NA,NA,NA,NA,NA,NA,NA,NA,NA,NA,NA,NA,NA,NA,NA,NA,NA,NA,NA,NA,NA,NA,NA,NA,NA,NA,NA,NA,NA,NA,NA,NA,NA,NA,NA,NA,NA,NA,NA,NA,NA,NA,NA,NA,NA,NA,NA,NA,NA,NA,NA,NA,NA
"H2B1B-K85[un]",98970,32894,22781,9507,13969,12049,17249,8731,13579,4027,6981,9271,15229,11707,5826,13586,9109,10518,15627,10130,9451,8559,16307,17307,16586,15696,24401,27838,26550,35202,16964,7655,13671,7146,1290,167337,6457,6764,6776,4940,6474,7165,3252,12297,10972,18073,24687,26270,14287,3788,28019,1366,4968,2292,5676,10486,7446,7594,9014,9595,4630,3358,9987,11841,68935,98269,6565689,14012757,6069917,21799,28692,23775,237410,29106,267804,586532,275141,10105,538435,422925,251723,13963,227191,336132,51575,11998,339804,229694,11726,5112,360485,128575,10774,4083,13856,15757,9188,9493,14407,6088,4247,10709,5003,2977,6080,8606,3364,4780,6620,5764,8333,16707,2323,6565,9559,4044,4177,9051,10070,3726,5805,8053,7523,4267,2908,2161,2846,13903,2880,77250,26756,69434,209904
"H31-K122[un]",1378709,1731196,1803973,164773,131386,206541,117323,72866,138059,110127,130389,30152,72966,120851,2307,71515,182047,48765,141915,213283,6595,213884,55877,143487,338318,74847,347395,186189,592196,125338,431268,6778,9168,10873,31017,2974681,465291,742692,534173,480052,1268611,1197166,1318822,2441677,2129999,991934,3819840,2053223,3135293,22143,5928698,528941,641689,548608,305463,826481,795076,734636,1317000,1738428,1373642,2526546,3191876,2652351,17935,3373686,4673273,6072057,4470770,25871,367513,59948,299908,16992,304729,331889,164277,31069,875604,462170,332156,21697,330793,324513,20974,11663,274027,273320,34988,2716,372821,242746,30888,22247,7230,32323,14224,26231,9018,5620,364868,23780,195758,394527,815680,18072,643940,335301,1006596,14379,454901,141100,1096382,10734,630396,709219,687598,7946,321578,751930,841665,4170,342628,1022772,823751,630932,459412,387877,513506,8864812,4779885,6038200,5796202
"H31-K18[ac];K23[ac]",676693,662507,863489,34954,64758,42696,38116,36564,40137,36723,40529,29918,28995,38494,33589,40889,69992,50195,63849,63155,56369,64751,66370,108287,76182,75141,83308,136121,171597,150714,145396,35354,26137,39463,17883,640986,53993,48189,53595,49168,84878,104449,92704,153203,150878,148668,328802,322311,273400,18473,795160,50039,33805,37612,46019,85585,92052,50324,132681,107231,123817,135913,245281,246595,22315,1100374,1888805,1191252,1820578,39901,569469,39347,225753,75550,1299800,1002877,373989,76417,1135296,154436,424782,53168,688569,240745,239772,68930,305743,141397,71340,19826,96103,72824,35928,77590,55969,34439,40437,43280,6195,7078,95402,7242,47728,74456,120275,5733,77091,48149,60013,11247,39513,88874,51943,10285,58727,39951,104606,7516,171263,89039,27769,9847,106407,67435,48623,119159,41488,39571,38719,1166435,754472,4388135,4239303
"H31-K18[ac];K23[un]",1900790,1337007,1538437,384198,140749,197466,206809,221457,166869,74678,205120,41712,52901,265097,44298,59756,565843,87848,145485,90728,97323,111157,187629,238545,175621,176531,209800,336273,388364,391368,340270,16662,11290,28712,2753,1295095,80551,135087,83631,122062,171258,185383,187465,857452,433033,366336,675297,1555588,528929,5536,1820864,258715,171307,176798,227998,557074,510081,313540,552571,535695,698139,1787673,1540763,1386131,19221,1815333,3356842,1710516,2702188,6014,79725,6951,90152,10511,114891,123337,126147,11028,194027,90833,135967,10026,70363,90433,85192,2724,95577,216581,7498,3965,65259,126613,4257,7171,6191,15723,3466,2940,10218,8441,311004,17772,225055,207604,466693,15664,156906,185395,255167,19464,191365,65789,202095,13490,98890,54593,192474,10551,130470,101540,120419,7747,141020,114191,59206,159618,109491,99937,118036,2339523,1776344,5057339,5069818
"H31-K18[un];K23[ac]",6152352,5214434,5190999,307735,102021,343260,149729,195611,127967,296851,151965,156780,149274,226639,158239,198277,456052,251974,529883,367431,250387,510984,906986,917970,715996,614285,814834,1426131,1595814,1636420,1393367,8384,2674,21335,9866,5695174,301874,366910,319913,330476,578346,752992,781426,1524796,1357148,1079629,2658626,3389334,2852878,6426,6325252,258657,177590,245014,218673,584252,566053,338822,871832,872169,793822,2223589,2071878,1652877,17045,9381765,8955977,9532167,8948526,182576,21353,8613,214679,320287,3603,222040,224519,346705,4833,232715,291659,334145,6406,210506,125796,237753,261903,354637,323493,6558,271502,209009,209331,382226,307624,208846,247021,295441,3328,2379,285754,17827,207559,197021,628557,1238,213534,189951,537711,4003,181214,212769,349624,1259,206642,202734,710691,10227,478947,997881,539238,7287,326530,406549,234785,316573,248013,316938,356114,10051096,7044339,8647054,11737927
"H31-K18[un];K23[su]",135379,71305,93719,7375,2661,6985,5889,5393,7364,6254,6567,3668,3330,2549,5820,8765,9024,9949,6939,8177,5052,11141,10015,23359,17944,16416,18785,26664,31589,26864,25935,5693,3748,3503,7339,167146,4303,13436,14814,2431,5660,9119,2777,5427,12553,9484,27005,17082,12561,9473,70060,10836,9168,5536,5055,15235,10813,11183,11395,8953,18706,23653,20130,19690,6379,40029,35866,25300,44334,20929,19379,2976,12069,13055,9158,19756,16103,12367,3505,15467,21495,9386,4394,19107,13990,14246,21816,20772,14288,1540,12420,18119,12214,16970,17909,15043,11464,14464,2299,3658,6722,3659,9604,6729,11085,18625,20054,7234,7089,11556,8486,17140,7387,16025,10612,13244,11384,10463,11500,14852,13914,8753,13920,17408,9072,13079,13667,5648,15050,46336,82839,73106,61575
"H31-K18[un];K23[un]",16843474,13041448,4479150,1904141,1403439,2191313,890837,1149106,1338345,1914319,1145114,1300578,1248593,1190865,1368263,1244392,1858526,2144184,3156359,2133305,1886790,2449844,4313161,4572831,4171217,3946817,4538955,7418964,7875707,7758394,6592429,38966,20533,110252,22416,5743366,1370204,1191174,1096778,1403937,2219341,3273567,2764856,5067332,4959383,4177453,8337393,8092505,7599771,14919,16196914,835093,794145,897732,878143,1793718,2154179,1540724,3090408,2766325,3473807,6465127,6811881,5434441,47528,16372122,13548411,15068871,12773211,853263,996098,37074,920479,713434,831531,1100822,1088764,777561,1743691,1280995,1010035,736896,790449,938171,245965,790313,1027058,897558,770819,5479,1185405,1150220,872714,759633,787760,1094295,944642,863951,4481,20116,816579,46841,1012410,980618,2141092,26182,775019,856487,2525788,41386,888554,423628,1670160,36492,865330,854655,2149227,36326,563614,904716,2445785,18668,771159,1053453,1228553,713905,915070,604938,857694,16623858,17678600,16715190,19035022
"H31-K27[hib];K36[un];K37[un]",539630,244703,334831,29467,34990,24672,14485,23891,25625,15278,26163,27956,21346,31194,31864,21311,39415,11565,41487,23062,7525,21750,28232,45096,66787,47217,50487,68230,74725,87900,88656,18044,12389,16743,33374,2064090,66763,52327,62067,47553,116379,157293,126475,181958,134172,180736,391816,666237,345682,25159,1191453,54142,65506,58860,65470,169677,248816,157254,124487,112741,301049,387841,564869,447426,18720,3891806,1323359,1858546,1322419,9778,52058,11195,31311,20160,55527,68092,36046,14325,88791,53837,38345,8548,39385,49726,21554,19088,49790,23225,11010,7753,46315,17258,6345,6310,5560,5450,4365,14616,15258,5369,2578,4909,7863,5186,10531,6486,6234,13465,12104,11558,10000,42214,4471,17162,8109,13397,3989,8038,9093,10168,12638,4099,12902,4593,11397,7288,9769,12714,5884,20092,9080,26727,8502
"H31-K27[me2];K36[me];K37[un]",160911,479714,300165,35599,25875,44683,26036,26947,28485,33725,27478,30820,39471,28115,39890,31607,29866,49436,74153,49822,48895,51145,86504,103498,92288,88195,96212,157708,163491,163755,150927,9711,8937,15701,36009,659381,42834,46479,45630,42050,32103,66539,55545,73133,47403,107020,111589,930873,145830,6983,102400,10252,8039,18520,10934,42815,40671,62006,3911,39421,83884,133980,213931,98083,19731,1574931,917329,1463074,795013,12635,29594,5005,21688,29770,23622,47949,26468,19085,39046,28042,38909,9016,24853,28660,17867,5262,37269,38872,7008,3981,29759,5850,39670,11249,7925,42067,3896,45273,18437,6039,7108,11413,16828,13037,12841,13250,7977,10176,19699,6686,10497,30861,15994,15353,6118,8673,20104,6293,2755,8009,11453,14471,5078,11560,24156,18392,15208,4734,6686,38668,969960,54218,4066714
"H31-K27[me2];K36[un];K37[un]",477435,1168072,798880,84046,68399,96301,58045,64607,63826,76465,59452,63067,50502,57416,79936,62613,90264,12005,138402,85410,18971,98752,193703,200974,207123,187451,218442,320624,364369,358107,333070,20894,17816,32222,12342,1375463,21404,40751,21925,20769,38970,38373,49666,54128,67360,148763,109435,863037,114702,27151,2455142,22053,32755,44738,36590,125421,127811,47889,218439,163076,106924,288027,284225,250640,38145,4668737,2230530,2581719,2040761,14925,65453,8341,48638,18156,57477,86945,54584,15802,101923,76443,53960,19026,46505,62447,33727,20415,66872,74351,19940,3771,61821,62449,21026,35221,27710,19896,10640,12017,46632,5833,6032,13236,10978,8897,16873,6624,9259,16508,10521,7661,10540,8259,12840,12765,20723,17416,12728,9417,24063,11264,22401,8778,13695,12147,9035,10067,12876,10500,8247,56808,1754450,159581,4827837
"H31-K27[me3];K36[un];K37[un]",220903,560826,347142,48261,38537,67155,49808,38534,54826,40135,46801,67530,59294,61604,69217,49203,57196,214325,75825,68712,297674,77976,437181,123672,99746,133127,135479,175184,191489,223020,160457,35565,21072,34312,7204,698452,9668,13679,7371,19090,11481,10215,16428,23748,19539,27224,5830,204227,27420,44709,699195,29082,46527,7199,35301,42901,65909,59965,75160,21936,77679,179188,208293,141850,15259,2084763,1481982,1421111,1410067,6368,36101,8998,33507,5687,26065,48901,40216,6140,48215,42321,32020,7646,26138,33274,16437,5351,43388,40853,5308,3860,35923,34073,8685,3467,4129,7524,8765,7135,18810,2853,4316,5295,9559,7383,7444,3439,2022,4953,4597,5756,4135,12163,5744,1837,1948,2961,5709,4646,5184,5303,9772,3987,3254,5384,5228,7242,3863,1421,3942,6569398,827870,935268,4716725
"H31-K27[me];K36[me2];K37[un]",126780,348513,218005,35372,22172,23862,25071,19426,18570,25832,21848,21295,19669,16756,26923,24322,19414,41643,52731,13853,41950,43492,78351,56903,55550,49313,77851,109186,115952,116372,112353,12162,6014,11415,25762,3375578,16118,15065,8479,20053,13743,17760,19300,36552,45267,35988,21487,30751,40739,11381,1501653,137124,67677,12601,39783,137097,151567,105018,182909,150002,196428,413984,442527,414937,22105,1980290,1006516,1781768,912050,15177,44175,11558,25176,11089,39210,60528,33782,14136,40195,30120,34670,10552,44118,41233,13735,24370,57186,15413,8118,3984,35116,11827,6226,11994,63879,12564,20709,6523,66079,9784,6381,4015,10317,6622,6431,11022,10709,8778,5077,8760,6731,11498,8271,6770,36942,5241,3779,6792,7633,4398,31782,3511,15746,6726,8002,8639,4747,12078,9162,100827,535284,32096,51149
"H31-K27[un];K36[me2];K37[un]",211590,349310,242222,64922,45987,53167,56202,59878,64785,45365,63655,59992,48498,74344,61783,68551,80621,52805,92534,63012,55917,81024,55169,96083,97497,85265,115239,132941,129576,146477,150550,45319,50261,54443,12021,57878,25472,23632,28067,14825,34540,50122,35129,51367,87948,251442,55224,86284,74062,3464,92490,8155,14236,17660,13023,11204,5971,4905,4667,43388,19364,7802,78014,52976,349801,1502403,975365,1385710,776856,438186,66561,10107,152640,181259,90232,99658,149775,830620,100401,89102,373476,198576,75460,89371,219805,367598,89561,185886,398670,8394,137744,200280,493531,411607,402786,657811,727998,643198,19026,34027,21537,11612,30158,19663,16860,24529,27387,34697,23599,24980,58289,29364,13983,31444,23857,25658,20499,19447,39579,21410,25854,36711,40242,33813,20273,43031,28077,28755,48666,23646,564114,199822,1353464
"H31-K27[un];K36[un];K37[un]",172736,457530,296465,61387,28356,61294,32216,33061,29409,75522,24575,25623,28351,40673,41480,36771,88786,50575,83623,46292,61592,54043,102525,118180,85106,57394,92058,131173,162759,204894,120654,21499,18763,20333,21325,1460589,48905,28650,28291,46790,44328,156110,102997,219133,147208,106952,404867,378326,521288,39115,928693,56337,61324,53630,49444,104757,105918,59601,104392,104521,95600,142700,218578,181902,37165,892366,625876,2101021,668665,6232,70679,7162,35861,13900,34868,80984,24524,17017,45512,56763,26639,6593,92498,36193,22315,2898,33942,35047,7476,6849,61829,30325,8337,3199,25378,18643,15742,21101,11378,1170,5474,5639,5773,4971,6975,2353,6539,7058,4261,2678,16678,11774,7994,3114,2094,1156,61316,3028,16329,9470,8347,1062,5305,3052,20155,4523,4668,1627,5571,2821418,623733,198630,1412303
"H31-K4[me]",1130428,813750,867755,57177,59625,64083,61788,35029,48945,54933,55325,52499,46568,54307,42316,46472,56868,66525,112496,61820,89510,82542,136311,152071,118403,128157,133600,245843,259329,258445,201765,8827,16730,17306,44617,2374625,103655,104916,87222,80181,131717,159584,153623,211842,239722,213053,422338,378318,339272,94371,1441745,110584,117232,136639,167880,203083,161919,191972,241084,228272,221020,426811,407859,384904,40113,2534755,5316879,2651984,4736399,73542,79255,33729,178140,183529,155341,96845,181880,137646,225678,104091,170538,83800,136030,83088,105072,147354,79973,160833,200722,7145,93825,218731,183276,130218,148983,83458,86980,80523,3873,9104,149464,14513,142215,157961,198367,21139,151802,39475,128430,24430,132776,37434,100242,20236,160178,37280,219649,16006,148064,138705,128932,23111,135874,140620,66492,99362,127509,89243,93230,2595905,1566755,5736897,6842219
"H31-K4[un]",14307476,13978456,13358580,1001487,574218,1119688,587055,609983,704601,894130,720345,592474,621324,680660,389350,640780,1191170,1127714,1596357,1280213,988596,1496669,2198438,2552754,2243333,2142669,2883795,4611003,5465838,5191919,4137251,19600,58608,58641,96400,37042748,970638,904741,909468,868767,1479474,2140469,1770228,3515304,3192895,2536532,6748087,5805510,5912227,46894,25499734,720340,706703,726500,749044,1531845,1605332,1231128,2341495,2336297,2074758,4210320,4555672,4219621,165908,38471816,23685156,38083220,20642172,673655,706165,48880,405618,529729,594111,986111,734703,652895,1170190,1094549,730210,623530,538403,812351,488423,601125,794614,832657,598386,18786,941242,743697,604130,664584,537677,825748,724994,634060,99525,15999,608850,74539,634415,640192,1310204,59315,672517,476358,1469269,74871,674911,191691,1030421,63594,659039,637112,1781614,50900,712144,1106315,1609025,71111,582819,748889,822789,572346,570415,492489,535216,35524004,23806528,25250600,27766120
"H31-K64[un]",1599890,722217,703864,64056,51124,63157,45182,49816,41149,57545,45890,47213,52930,48377,33760,48187,76342,84414,109448,83043,38773,91032,121332,167576,164249,138451,162777,278570,338601,365647,323970,19246,12946,18971,9670,942150,207056,185729,177639,182733,407545,499693,392575,758685,641878,671564,1696131,1464474,1645889,5861,645599,126177,109679,142746,125534,334267,377933,266489,532855,468888,458596,509802,975751,1261813,24801,3496909,2835759,3091056,1138644,248111,208283,27845,194164,382317,173374,218413,96049,240922,283486,159255,102566,255087,159775,206896,36708,285741,185862,115883,268294,13429,201971,212116,219976,208675,225740,222354,194561,219273,29994,15452,298509,28784,202306,257050,545099,22728,183901,322691,612272,30686,212404,529935,439521,12129,216826,347107,609662,20547,243632,509858,511007,14805,231436,472053,336446,319070,280617,313486,349153,2652721,1689409,2047193,2610414
"H31-K79[me]",38873,28370,13776,13901,11528,8273,4361,8304,9067,5927,8525,4063,9006,9582,7037,7628,3116,2519,7976,7324,8415,4248,6280,5176,5897,8182,9774,8135,8729,4395,9689,1884,7655,7938,7187,28452,36528,32179,36110,39756,83514,54698,66794,98314,160546,105443,269450,194359,192885,5086,115428,7186,10757,30567,9196,21164,45484,29271,47801,63779,45536,100138,77534,216213,4943,776580,440226,518203,409905,18918,42852,4299,46799,30210,49474,47307,33410,22278,92990,45695,62839,13998,39233,36477,9192,10137,28751,49344,23928,2211,33293,41856,21052,25183,12196,21589,26671,26092,3043,6234,27476,11671,63900,40928,39291,4194,60903,25873,94021,5665,86153,24673,145779,9950,95111,91298,59583,13424,48590,56813,65639,7034,68142,112426,63106,80019,57640,27480,88614,211037,273960,304695,246248
"H31-K79[un]",281836,54830,60496,27819,11241,5847,1648,2421,10466,12765,2859,3793,1958,11799,8117,2390,5307,3893,7767,19257,7821,6117,20435,34678,18520,15237,39288,18403,17808,30598,37165,8646,8469,6167,614,305816,54342,25338,41426,24921,79229,64623,53513,127928,165345,133941,271413,729590,253869,8709,276190,26385,62009,37008,82930,87167,132360,144737,104361,77339,180089,210935,290382,705874,11455,642798,1407467,2190514,1257302,96880,6488,25811,74608,67435,79339,124610,118269,72084,111475,106412,117228,65941,37460,70999,11876,79381,71431,120048,77297,2241,91014,70788,64614,75256,68611,104365,74105,86827,1650,1288,41565,2077,69355,45594,87218,4007,55378,53640,99383,3987,59772,28857,185183,4878,75982,60841,80647,1379,51576,64425,169549,2154,60374,78820,47001,83275,29348,48117,85055,421195,324057,413515,477718
"H31-K9[ac];K14[ac]",171659,120276,99992,13890,3685,7355,3265,5801,6140,8667,4910,12143,13111,3586,7771,13242,7033,15958,23662,3804,14566,2202,20790,25706,6660,19008,11526,24750,21400,32403,16522,8825,4215,3596,5717,11682,6310,7116,4562,6914,10506,15021,10315,19776,21720,22361,38547,40327,38517,4007,87605,4304,5897,5245,4493,9715,8994,10656,14320,17408,11320,6809,24869,29393,7806,132498,369660,159064,326619,9581,7219,12866,8889,11896,14749,6748,12071,9351,13140,11112,14583,5913,9461,8611,14349,13102,15564,16823,11747,3638,7088,9681,8503,10258,13027,2206,5833,4255,3798,2354,14525,2796,10228,5771,15142,4068,14264,5000,7101,2297,8469,17163,5403,2886,6390,5109,26125,1614,18512,13728,6965,2860,22368,10634,5282,13709,9621,20460,13715,142433,98499,636980,719425
"H31-K9[ac];K14[un]",107171,72072,74566,3154,11305,2791,1198,2209,1075,4904,1791,3427,2681,4135,1285,2338,3226,3850,6944,1317,2969,2105,4725,9047,5376,8841,10663,10376,11369,11728,17671,4385,3285,1047,4880,36504,307,6474,6878,7311,8189,8849,7958,11017,69564,12563,26499,26469,23167,4189,58733,3498,2718,7839,6277,20646,13621,12334,15703,14003,14557,326716,36529,35289,2084,80458,300078,109866,262625,14153,8956,2325,8192,12605,10935,9715,6258,11170,13725,5238,7735,4264,9915,6638,4678,13084,7142,6339,9725,5460,3760,4278,7944,7178,9013,5259,3909,2438,6124,1773,4931,4112,3349,2909,10196,3662,6959,3306,8609,2920,6515,12272,7168,1455,6085,3533,11374,3079,8688,7287,11838,2316,12778,9668,3461,8542,6100,12110,9497,99739,52849,397335,475604
"H31-K9[me2];K14[ac]",3922681,3001344,3243669,154750,135737,202536,148954,122333,135739,167902,141891,164004,123507,102131,180652,160438,192397,293546,384060,301977,288241,336089,528443,558062,510898,508915,578262,1054538,1001867,987163,820850,32950,19357,27763,55595,5178968,186952,269188,245880,224266,333575,387049,316473,677138,595974,585766,1246898,1194368,1119831,33781,3392324,158661,136855,144057,154407,276069,258279,237689,557441,525511,435354,878770,1010950,876388,54758,6237323,4510608,7670679,4093953,157515,94024,17829,88973,128718,108680,110485,71612,115869,192143,91052,100504,151561,74154,100898,39546,131233,122026,78926,130908,6742,96567,75936,95927,144003,108857,121761,128930,110993,3794,14950,116028,12566,102208,102346,252059,12863,108336,85928,255919,11481,88904,93353,194432,8649,95189,101236,246409,9699,179115,23942,227066,9714,98578,131587,104364,129682,114319,134204,105633,4449237,3688641,4644173,4681122
"H31-K9[me2];K14[un]",7040013,5967894,6137687,329373,300433,455588,295027,211502,313407,372431,282199,324557,284440,258510,391462,301822,322549,572665,743791,607366,605633,579977,992845,1161046,1099321,1017446,1331561,1990461,2113713,1830806,1677391,32897,20995,46942,12830,13965053,320496,334125,295220,381837,476151,791096,652050,1414654,1296557,1066158,2533112,2309580,2285752,15972,8728313,240163,259131,226809,258949,494841,655768,526937,853899,878351,777667,1585466,1893697,1741322,17680,11945515,9370252,14137206,8128480,160763,142759,14215,150773,146816,126334,192789,180930,89963,269567,226940,157672,143780,133345,160660,33210,162129,163633,128593,94199,2621,203355,166957,116595,99269,88625,134724,111496,124207,2512,11581,169256,36922,180038,201521,481811,16236,159387,190396,570893,14510,163859,135648,334519,10659,198415,183363,409658,11827,146057,26244,550272,6025,114503,182155,235237,147390,179648,143374,127372,11897876,7773603,6680946,8668888
"H31-K9[me3];K14[ac]",1621477,1031448,1109834,47827,42515,61174,43643,38454,42578,49523,37547,61767,42215,32954,55164,60393,57347,97896,112929,100992,101715,87727,163532,195734,156395,157816,171277,363115,307131,326904,272737,8379,7186,4888,19277,13946045,320509,327318,306034,392697,479014,802444,666552,1422411,1303824,1067378,2551358,2350163,2303404,16350,8634214,255403,268422,228446,264972,495911,662790,524771,862825,875851,784145,1694585,1914394,1747259,19828,13410931,9428952,14231452,8073474,182644,141370,19710,150302,174427,129076,198894,186829,136686,274623,237203,161554,182181,134899,168631,39236,166951,186719,134982,150038,5542,209407,169016,135690,146026,134553,233885,137336,152659,2792,9297,168856,37949,183281,203512,479874,15882,161029,188491,564206,13847,164383,142941,334805,8820,196257,181445,407731,10349,142636,28580,549268,7083,112271,185588,231035,144203,178742,140739,125759,12011269,7349358,6729840,3814191
"H31-K9[me3];K14[un]",29266,32353,12403,665,5303,2689,5745,2149,3381,5970,5774,5495,2682,5498,4750,2702,3059,1947,6420,6444,3233,3559,4604,4583,4590,5675,7496,4277,6324,7565,7288,2331,4228,4265,2729,10034739,12778,11652,9094,10127,22111,25310,20229,32673,27782,24348,32864,43541,40641,1185,62510,5087,7587,7422,8890,14598,17826,14111,20713,19925,19886,9600,28920,23670,13889,8763977,7773328,11022801,6293224,164045,102091,19184,126015,173847,81902,127151,160693,107108,210958,155570,141653,152037,112361,126005,41351,122388,161071,118831,138538,23911,172068,149000,139006,113201,133582,222875,129391,145394,927,8403,123654,24339,148418,168373,258700,8645,121830,126381,395520,6990,130488,77402,224676,7717,175059,126315,292040,5513,88166,22766,344655,5887,100991,163698,188296,88811,127225,85743,86194,7869237,5265517,5041346,6202186
"H31-K9[me];K14[ac]",1772715,1345887,1421218,83368,62689,124568,59613,63541,46707,86398,60395,63300,60948,54399,73722,74624,122741,112277,190055,106933,114708,143692,244271,254299,189540,219054,231404,452761,427662,464859,329241,13724,10533,10983,1193,2719876,56857,67955,54266,52361,117134,145579,105686,214360,199628,188057,488694,421892,414212,35498,1510618,42700,55392,49226,80078,122461,121450,81995,180858,162443,180089,331326,348225,302847,12980,2752815,1541151,2917945,1483945,81929,60977,4596,38274,79600,49525,66497,28326,55547,70148,51938,42557,54367,43241,45084,22715,53513,70045,43263,39041,4516,46476,26281,68548,45046,46465,71007,47012,89777,37331,5450,29792,16679,29531,23333,87558,11148,43692,29247,73531,7469,32755,57723,77429,6436,27496,36423,101016,7387,56387,10376,67466,5698,46681,51650,49576,40871,40468,41087,44690,2647356,1592961,2238321,2592675
"H31-K9[me];K14[un]",2486175,887662,2217999,140205,106685,191393,90289,98871,87370,137650,101283,109757,117494,98275,128677,108770,148659,201035,262102,176514,200778,201450,380211,420457,336917,369262,441674,739429,750208,744470,552037,2412,8422,10037,4160,3994512,97289,99043,97467,100926,190738,294160,230007,431320,399961,371646,909536,709689,807573,53369,2856195,5329,78057,76783,76011,167323,214586,145818,291472,296153,277056,545201,628205,562808,72787,4675218,3323838,5146983,2742542,95554,94810,11525,86973,81518,117935,148800,128846,87153,172584,136858,155652,79573,78200,139171,78910,92149,136007,129667,96074,3923,173606,123195,96593,74755,103027,129513,145381,99996,96752,7727,49724,16630,64149,54267,165501,13339,64621,62708,174879,8667,79255,48093,121375,8824,64076,72293,161123,12115,58663,18580,163058,7712,58341,86456,83331,54286,67710,111302,60823,4513435,2868743,3005190,3515462
"H31-K9[un];K14[ac]",1891653,1612785,1626485,152757,62588,149829,48345,73067,43418,161477,63333,56590,51787,48605,80381,66637,220903,98079,210468,96797,107094,177956,265438,349796,200754,202951,223528,476817,565768,632594,321031,12148,9147,20546,1759,3405910,52808,54908,39750,38193,105209,171694,134185,303622,291342,184848,536071,637637,476080,2344,1513700,35370,28264,43414,34596,160731,159783,63887,193265,149307,163227,344231,417565,347129,12812,3060265,2971182,3486718,2687332,46900,51660,8676,49129,71450,62894,44821,40167,62182,90597,63963,54497,37759,37296,45547,19884,52502,39659,55004,63120,3303,60627,45128,37664,61072,60737,44330,46828,33451,7329,1097,50087,2579,42836,31137,119575,3063,58121,27582,66750,4358,42898,43139,67724,1849,36866,35434,151536,3158,64953,12121,77888,1958,55857,60767,64879,44187,37324,51460,54245,2776865,1678322,3179289,3501638
"H31-K9[un];K14[ub]",799,11838,18309,5108,10642,81618,23161,62537,9905,9305,24146,51317,76480,2438,30215,78162,70149,22165,35945,16771,80719,1800,24001,69751,47962,85459,99808,78671,29815,85605,81515,68330,5496,107313,11463,327149,17548,14717,16866,11380,29217,23505,21987,39387,55436,37510,102318,91005,75425,8968,59838,10436,12214,6838,14252,19138,25002,38130,17456,13145,36059,82654,74334,94374,14298,44508,223666,30120,26424,21871,7480,7494,137291,67119,28746,23811,15074,5932,18877,19518,18815,3927,19919,18401,18700,8065,19113,11682,6538,26993,19998,10352,9458,3332,2123,6574,4814,10370,2302,7989,31635,4818,28027,20465,19582,9404,24322,28494,11737,15653,24970,4540,21289,21626,28795,11810,6915,27672,39493,22127,8054,29617,45252,32680,35467,7271,14186,9631,28569,98812,50200,74306,88448
"H31-K9[un];K14[un]",3681685,2933557,2978994,256765,124172,260933,103843,125974,100570,249107,119308,124503,139251,130460,146192,129789,311511,235026,414810,207027,209405,278836,486115,639827,428567,437851,498561,909603,1076484,1070662,667866,14419,4396,17387,2699,5766974,100464,90854,79205,92953,192776,330882,310654,617045,588442,416933,1117001,1175222,954178,3968,4042182,70433,74796,88579,60460,254415,346121,156087,310638,294510,334259,655535,826481,720288,25261,6625684,6008862,5964269,5052189,85138,76791,4441,116005,148164,106624,66614,107713,100863,203448,125927,106449,65280,74773,103172,41587,108459,78915,114163,107695,3445,127456,118425,91375,91830,123133,119757,92919,78668,4698,12711,67731,12966,100775,61793,215903,14730,104583,78782,164217,7358,98949,72748,115598,8396,96172,67830,236939,5496,72448,13057,176410,7908,92474,104707,118455,60677,75909,76914,77880,6178970,3445606,5511628,6485784
"H31-Y41[un];R42[un];T45[un]",9363,7342,36562,5996,9336,5570,1377,6862,5004,7288,5404,6101,7039,2027,8834,1301,7169,6577,3283,9231,33529,7662,5622,7908,8429,4890,10305,2061,5576,4542,7965,11164,8139,11177,131299,1285475,177633,128450,171450,128694,176542,190276,142587,117180,113469,219709,177759,418865,166677,147383,1756726,132007,176344,140332,175617,263985,246288,229697,295841,196759,233435,312950,545124,602738,39723,8967,153231,3349339,719369,405460,763889,14619,345066,29963,341392,71123,67877,139244,249577,132051,83975,22987,260958,125447,24704,1070064,105339,51004,370746,881,119850,66404,61830,31125,18163,683567,453934,860150,224441,665,905090,3401,7344,13988,4726,4666,6588,5691,8892,5821,13562,9338,9840,1660058,891979,5045,6001,7137,7474,3692,10506,4649,5151,19300,6985,4479,6741,13612,9795,16046,8229,38525,5818
"H4-K31[un]",2117126,64802,869278,69208,52657,93076,50888,62177,40538,77226,64903,60448,55396,37028,75426,59458,52930,92404,111590,90238,117529,82544,171942,155096,147841,132759,152574,225843,244040,256544,237727,5127,12875,13133,29681,3665320,398730,405714,304994,399449,680838,1001168,894649,1629987,1741240,1515608,3207555,3505070,2564022,39699,4368643,213994,181347,248038,177504,559007,653795,445714,988867,834955,625187,1528645,1632304,1674102,62181,1791371,6927169,3362286,4809903,138636,405911,20400,214818,102861,328762,4900,371462,129453,675546,260372,376745,134493,266145,172854,28550,146516,246973,324642,121608,6339,450192,245147,111172,129088,85970,174569,162645,134775,2742,47986,354732,40992,494129,304956,833246,41750,239477,415402,976728,41438,279868,174475,624104,44161,279261,289481,713621,48642,365494,507725,871510,38984,382862,420667,347999,438600,404680,300430,564717,7184212,7799753,9668464,8261201
"H4-K44[un]",15178152,12282950,12260446,792871,550339,984336,427629,504655,396958,823478,415368,568785,418564,421901,741715,472936,762225,926161,1417593,940080,1301098,962687,2382364,2175822,1623564,1811500,1907257,3263190,3727982,4042858,3411962,42459,19545,62848,27236,31438620,583552,376330,316555,355041,525819,798050,644875,1300575,974344,894904,1974855,2686240,2149934,9739,6756940,302230,408231,382105,373299,714932,1011439,675981,1075448,1004249,1340133,2068659,2106860,1893554,40409,297020,25333604,292498,23845094,109762,42287,5049,62749,729365,22598,150061,59706,67269,28421,95967,59303,676281,31332,83347,60864,73731,101223,41380,32946,1015,83166,48385,65064,134478,250390,23138,24362,27795,3128,8786,724856,128322,414559,719957,845124,16710,391810,671552,813052,34554,402685,677723,583494,10795,393786,713512,2008192,21275,716712,1269676,967355,9254,352072,901943,912400,699177,718172,638157,650955,41132240,17418584,22684928,31464928
"H4-K5[ac];K8[ac];K12[ac];K16[ac]",140002,66685,78554,11966,1038,10415,2576,5753,1663,6829,3732,5172,9195,3428,9254,6936,5972,11821,13349,10488,11535,7742,7856,16306,8735,9066,8289,13443,20630,19222,16984,2765,11483,2366,7446,136934,8392,12159,9971,6953,14768,15758,20514,22972,26600,17708,40722,49012,29016,14896,125049,8579,9396,11222,9346,22996,16079,16985,27583,26087,23646,46389,57244,40719,5022,147652,773279,167442,604699,16402,8125,27220,12495,20346,18479,7194,10284,25052,23144,15896,22202,10695,18526,7782,27634,32284,10441,19270,20151,13148,10389,15316,12727,22171,14638,7739,11045,6156,3116,5645,7721,4332,28478,13459,19246,5283,46154,1667,5463,5147,25860,34043,5365,5470,37402,4518,38063,5441,64945,27956,11580,4339,71019,34414,5884,32750,38296,61313,29702,158945,114604,2109396,1895157
"H4-K5[ac];K8[ac];K12[ac];K16[un]",129513,84800,83864,11234,3974,9787,5535,6394,5005,5415,5504,4123,6952,3512,3444,5318,8963,9025,16911,6032,5432,7362,13951,17354,14540,15449,15457,25022,28403,27948,21210,3379,1266,5385,7705,170702,5614,6631,6153,4234,8858,10008,11511,7273,24194,20394,38424,40300,32025,6896,125918,14935,7298,7893,10963,10423,12300,14795,21570,28412,22761,31568,32274,31271,12114,125251,171903,197941,169913,6242,14412,12791,7151,15332,13575,15230,14243,14703,11529,35089,9050,10502,7673,24415,14400,9424,18655,7208,7955,12323,24418,10861,9547,16160,14052,10540,16698,6680,67125,6445,12225,9966,9662,10072,22967,9088,11214,8358,13903,12825,5611,10096,7718,12005,14094,12370,13876,8829,12461,22618,15572,5874,19268,19018,8986,11549,11166,13374,12345,144667,98575,335034,274312
"H4-K5[ac];K8[ac];K12[un];K16[ac]",121388.510086983,67509.923885476,72481.391460715,4939.18062963664,4284.30708725116,4513.21865141315,1800.96053655221,3485.62722749835,4069.36573341072,7092.69393492311,4147.65181903849,3035.97903739625,1289.74887815196,4156.84660452787,2629.0225949186,2991.26590923302,5866.85423231439,4178.05934844744,8899.66876844358,7383.09630849197,6557.51311720225,9222.05426654488,10811.7367528862,9649.37946817577,9945.20818026049,9290.78937460382,12751.7996121797,16953.0208939023,18937.092173947,20176.1963021511,17500.2037465099,1104.57688523986,3599.29321791289,882.162074513286,2624.47673204648,156598.172959672,3353.57298487405,3536.33036231666,6287.88083201892,7753.14678782146,5045.72154297595,5112.29507916195,5585.29056486286,3673.41785122154,11241.2634372818,10625.703783407,29830.2188196753,33824.2737726136,28937.459598009,4474.5963081862,146211.682537194,6760.74777600841,6081.91411040025,11055.090792762,4883.95998215309,14821.2294863997,11818.5230201921,11286.4439622206,28524.2834714253,26215.9636432743,29504.6027280502,50009.0922358838,35929.9626492236,36409.9545845329,5156.54721661351,197265.237627037,694661.906225221,186800.680960468,612727.513951896,7145.87548991945,7771.63699432462,3694.17721518987,6466.42222814697,21309.9104750687,16046.3860077881,12722.9761016013,6821.0102621334,14109.2487502997,20279.3454027671,6270.84217336433,11696.9786232344,5576.18075684451,10241.990816879,6317.65315658801,11718.6639782966,20046.5519355171,4611.23882704934,17080.6541987223,21831.0847510894,7286.72727272727,5066.32061408269,7564.22056593102,6460.98198232475,21275.2230640913,12786.7078558619,8312.48379913161,9385.26666831282,6761.55441882942,19057.0677110037,1594.07638374477,26218.8523926878,2518.97175137666,25686.8965241833,27560.5181848124,27155.5255386951,1966.22404532397,31564.5908284605,1147.95954602483,16865.4156004601,945.972937771346,19302.7954809382,30668.4804728766,7351.99417862561,4720.24716035707,30727.8490092892,2918.46042342005,38510.5367011668,2730.78277297946,46892.5724080781,34055.5299637052,11958.8926914636,2247.41836114385,47775.6388673367,36999.5636794088,6027.03035426714,31012.705610761,32593.6976905147,43140.9789801287,31532.6763155579,150810.226428999,113116.78486757,1499903.03527675,1395346.5869614
"H4-K5[ac];K8[ac];K12[un];K16[un]",73055.0929411384,37773.6084146974,47756.05719592,5200.91455891425,2534.04768125408,1469.18646820027,2855.97943515218,1722.35136642499,1736.99385749386,1960.6217043547,2316.08872305141,4566.81065088757,761.673794712286,1506.49698015531,892.251046025105,2202.33950617284,2248.95777149778,2489.92284866469,3944.64091301279,1956.98809358992,5024.26855491329,3076.11414130778,4618.56500199305,13089.7973554495,10650.71,7049.64552519428,5098.18327854154,9927.87390110737,12313.470706962,14886.6328385487,13970.178520674,4136.52252252252,3953.41365461847,2378.32635983264,1985.46680942184,313585.675677464,10884.9067173036,2662.34822242479,4410.55438464434,3033.35922897196,7472.16630196937,7852.16774556713,7910.25276950566,11116.0321100917,22638.791535791,14796.6238510816,26285.7886410643,27566.9908823334,25611.3899238878,881.594827586207,116681.160312253,2021.51194852941,6163.77903327056,3801.35887242501,6314.61215469613,19059.6057250878,13329.5178931452,13774.5818692902,15813.49452162,16463.1302769668,20701.3103022825,26730.5507312354,44465.0327387349,29110.2054977315,134.155960795033,133842.793828771,113592.759190831,106074.024824124,99474.0921981059,2521.88793338793,3287.25064366632,4679.43580470163,1904.07210603829,8285.71929427731,483.474590181638,2882.0663207189,443.043473288263,3380.46075837743,841.444650309086,1091.31573330623,209.908518531123,7209.7984609261,2082.87187039764,692.263558461252,235.290567303598,4038.59622982278,532.677351295132,451.784298245614,6135.09078377314,4657.38775510204,2061.31024586243,505.07905448299,2709.90622598002,7435.79258771517,3165.35218356773,6798.24146523798,3164.78521816563,1700.39916695592,2330.51951547779,970.844444444445,4111.71731448763,1916.91933240612,5667.01053555751,3451.42076502732,6152.00503893724,4313.35235378031,5101.92529087569,2858.79075425791,5621.05409598676,1966.72568578554,6077.1881644224,5065.94139053821,5400.75267231847,1844.82537834692,5876.36259311456,3291.40102254851,8063.73110179484,2337.90829694323,6303.09797496009,15489.4212648221,7655.48770180035,0,5473.16933096507,5700.19373219373,4632.58899563319,3111.18313002083,6533.86987494064,7677.00081665986,4965.8734939759,137590.852190119,58257.6530036868,259688.499321527,324072.840986977
"H4-K5[ac];K8[un];K12[ac];K16[ac]",291164.657939438,190407.422056086,202680.424744364,11089.8285171399,2102.79530157076,12616.8412949482,3745.44955061591,8847.95067712619,4713.19216532417,11522.5511277673,3742.17782775124,8721.87790194572,13061.8008700991,4716.9086071632,11513.030179039,9659.23874616659,12371.8839508257,12962.37252484,15887.3904590578,6911.48355524356,16306.9296553928,9508.12301277435,16059.7330690468,30362.1911185723,15688.2367834422,25629.2761923669,16999.9928258549,40218.0862529909,47770.7037527672,43408.8894554384,41338.144697801,496.43870704066,2315.72210483266,207.05151619308,911.428284769741,226712.272354146,1905.09856314758,6018.80325784031,6550.39439282321,5646.02029391916,8118.98024789827,9603.70439062029,12718.3616789021,17217.3140107524,27416.4442343204,21380.4701731932,61453.7428149447,68302.8716195111,52096.048573029,2217.36819360415,269335.948693487,7261.98824430701,8208.86787747235,13568.0052208203,9026.29584538326,28458.8118537156,18695.1087784098,6977.08726020617,45352.0999781881,47832.9230391802,40433.7899397617,89839.6848424516,87710.4032924756,60779.243191736,2325.56272887026,356716.770032057,1119135.55660846,455908.728354235,1012814.66393499,5414.78503821684,13588.1082056539,10363.8845867461,26422.83105501,42601.02935348,45055.4192858923,7793.64344759961,11290.8962100772,34306.735978021,41629.2601449289,13337.3045870276,23488.0730848959,7002.45681182014,17889.5558873292,13742.5810583936,23418.3717558635,33936.8655711624,8282.12938679458,31192.2545131034,27758.3521855151,0,11659.3340046418,11320.9478830407,18115.0760707174,32632.9297737248,29606.8310949852,17089.6494354665,18253.3904678314,11262.5679157496,1099.91445782961,1964.56671088219,46293.8583737621,7022.54701677273,39286.526507527,46754.7001548732,49620.8787691025,3446.57627343373,56318.0087736647,9140.6661654797,21344.5040534827,2505.08031837916,40293.4029669879,44214.3712458888,10174.4849019112,135.257423259569,45785.8816397038,11171.2269619023,71524.7892339741,1402.5829451151,85997.7548924622,77211.1150074897,35469.6533940886,942.967309720241,79647.3776217473,54102.194184014,14041.7381348757,59537.8875827294,52610.3997544584,64954.3780705511,44571.7258837536,337415.843819122,219891.027246974,2353966.22283913,2128156.95056271
"H4-K5[ac];K8[un];K12[ac];K16[un]",508469.565789123,278649.994563143,277831.483553845,1271.37715793631,2248.97123264504,11907.2107722699,4143.84011586988,4930.7596976128,8454.96861324325,29557.2278760707,8280.51858864603,12053.6821635962,4228.2182217347,2024.73280958593,5507.0842866324,6150.56646317911,35623.4853247266,19219.2835967163,31396.5271061058,15571.7251670822,17810.5708402236,24532.3756468093,40001.5433795956,56687.2843331336,23689.1147601404,38645.553481846,33491.3333056074,74589.2524733551,92505.8264534644,92377.6247511609,51430.3638169429,0,0,825.226454841379,2716.94887761837,256894.323313344,16081.5536044965,10476.6587569499,14086.3847173983,5390.94398525407,35954.0504375179,35495.3264958466,23218.9087389554,66737.0909783556,77266.3488121475,51458.6915170089,142224.240652157,147831.069407289,103511.693230139,1536.56440520339,710519.461308293,20576.3582735179,3535.60934524832,12392.0959205311,5817.46253446644,36640.9145425053,23336.5996778126,18666.1606718235,36600.8076366968,43102.9754706008,22681.8233066175,74587.4963517711,72412.5353588558,99819.7518396078,4158.65029759726,572578.968344588,588270.065821973,546511.629057255,589105.859821357,12975.1171412987,12060.4501751836,7711.1157323689,34315.2829842915,18621.3515962829,14994.9220256328,12197.2207287332,29803.5520081346,19198.9380332657,37914.7268552148,25714.8141641118,20192.1450407432,18015.115187734,16422.6753343841,17700.7425433773,13554.9999143448,12705.3284665598,16028.0232852381,23931.3458786969,12952.378353791,NA,16897.6511979017,28950.7606358678,10812.1290415457,18598.3676398469,16132.125895667,8441.75443104248,11174.1000451163,16035.0345498129,1556.89520212711,1795.07217120546,25191.542509122,3265.71893532058,25636.0371403286,29690.3974963681,32244.0746922038,760.201307776418,32420.0369605485,12606.6665023682,24611.3108742602,3593.0182104688,10186.0138796887,9340.67407823092,19572.4161107873,1766.5651237775,32680.832246076,23637.4337890591,39008.9809612023,0,29369.8992726731,57747.002734312,28103.2399002871,NA,17480.2018725899,18384.3552755208,12397.6816748571,19339.4433100948,15230.0888211466,21640.3279705449,20310.0571276061,736347.081653915,545677.659602274,1279211.11523204,1270541.72722047
"H4-K5[ac];K8[un];K12[un];K16[ac]",259383.600626563,154154.605345879,167749.868778758,609.622260949979,2856.82759564253,7093.20433036438,2254.66058197174,4549.70199765188,3964.35500230934,8364.17046423376,2498.5642992254,2224.47457306286,4545.84246940764,3226.8608907295,1322.43911757267,2636.1288899361,3659.51866906001,5428.68299865526,17967.3871923248,6477.15898077866,7418.08012102133,4127.45343162053,13030.6784727769,16640.5881687145,14713.9070853284,9818.24803332659,17579.9090553371,22791.9662094937,30583.3826910191,32767.4664922102,21358.3920220536,1372.58118556701,NA,833.106314072728,1900.37535977656,357425.147036152,4236.17286931295,13708.0346041889,14470.3828105302,11797.2973144308,11459.6846134108,28930.308833454,12675.4318781322,36915.16004341,30650.7099053626,31427.654303236,82563.8528058252,70507.6876194231,68366.5907790028,NA,306583.550445326,6574.4678084164,9166.60472513081,8844.61522526215,7811.78160007015,21717.0730199072,25460.5120586479,29632.8034361931,33774.5825647915,27029.1886478556,22266.1492003873,46848.2068253768,96046.5012524506,75621.3024192689,1716.54313765356,460584.321367208,704023.146108865,371854.22276925,723505.240307162,1789.12970236284,5010.47321252554,2425.55529562289,11097.4941490244,23772.705924854,22405.7418353322,5472.70896290711,10512.3170260509,19552.5526810151,32440.4046669809,5811.03781144124,12680.4570269727,7972.97961443014,14666.3876699138,3798.14059660592,21829.4341888147,23146.5621684676,5342.57074918419,25746.1129047014,14102.767767619,9710,6734.81900336174,12680.756320302,8010.07020539951,16551.8377081542,15299.1324594371,7497.9401301245,5790.2516047233,5444.66143061751,9456.97713097713,759.400093176131,25143.1096711278,3906.71608015727,12810.8182768018,20226.625437693,28150.7972488931,407.774867913932,25132.3393403713,3795.38499056639,11402.3755297585,417.112838498545,13975.7372151354,31315.1265291115,7264.64551434147,246.517001696195,24485.1451573723,7335.11301881731,43430.9871166663,80.6122922250743,51258.4470592396,67281.565732214,17256.3372406699,627.807583599532,30983.3067709105,30908.0148194308,5329.9010157578,31055.0927237502,29161.9289168411,38672.0263379142,33699.912496793,480701.046659332,285535.724901881,2008082.38343777,1913548.98790791
"H4-K5[ac];K8[un];K12[un];K16[un]",87414.0482941931,54674.7516297699,52517.2124703345,4362.57808917197,914.523336344475,524.563224916863,1481.47508305648,311.012796079499,1388.84144707459,3745.26473872264,781.627620221948,1547.19975786925,513.20403514481,1173.82975986278,525.774019215372,254.915365653246,4835.16267358462,3715.95700141443,1736.14417600417,1968.02391441158,2110.46341016079,4276.40564861495,4455.6038647343,7558.01980922753,6114.36594887294,4735.956501783,5639.16787228735,7289.29014897834,13850.2750605197,10073.2334970343,10251.7888821243,0,0,0,590.576923076923,152877.695416138,1373.54752714734,2557.68513217713,1165.52090245521,1853.90165949601,6284.90191301569,10291.0753427976,5084.21759723108,11860.1266245984,13117.8728910389,9248.97158753583,24339.9657098368,41471.1618357488,22886.6790260634,667.985533453888,129400.59506942,3091.41911527284,1694.66021653997,2372.56679914399,5139.02200928283,11599.8920380788,8893.04471675114,7187.76321875329,13232.1896461107,8116.7707477013,7742.00961607463,21688.2791716304,30541.297706117,22179.4612960369,659.804819277108,174050.872376753,165295.189983084,214132.33482941,161936.19419966,18.7914230019493,4884.00849628288,0,3250.93619932311,411.815457413249,4049.14807942104,2792.67769541373,1337.84047535827,297.220338983051,6935.2507019655,3448.26462895533,2967.71861471861,571.074074074074,2446.21026824344,3523.03286859785,1510.04907694072,0,2339.44754661944,3476.16618675442,452.58114374034,0,3035.90598290598,2816.1894036345,1674.95309168444,0,0,137.828888888889,0,0,1360.8,579.519774011299,3204.35646580907,904.893899204244,1462.31219752276,3253.35620550648,8378.58573928259,496.638202247191,2788.47323354468,1398.73157795037,4605.04841336873,0,2225.66925571224,3978.46587681571,5654.06345456767,888.856328392246,4108.90958478851,4917.63864042934,6008.58979497456,253.921708185053,3704.6324907437,15464.2979791577,7233.30461031833,268.56338028169,2339.27535504232,6732.82706997812,2804.58488639265,4418.73104803198,3962.46018645881,5733.01708091536,3840.21894949042,174775.791168148,111546.062226639,214177.797526459,225823.770983113
"H4-K5[un];K8[ac];K12[ac];K16[ac]",51073.74239809,29127.2996848289,32011.1576199478,74.6427035330261,594.756481481482,2603.02413273002,699.368421052632,1050.98286497601,760.90856363016,1487.08793636765,927.536094674556,944.557938225457,1010.40742024965,462.813676527084,936.657171922686,2177.08931917552,1923.17514124294,2412.87602844791,2126.93307839388,1257.44860075939,1848.5231216772,2746.97239915074,4160.62533333333,5492.88967615234,3057.18394065023,2859.53188507358,3019.93609865471,5922.07045895281,5809.65870568144,4603.63699947998,6428.93774330993,207.306338028169,0,880.605678233438,1166.93762575453,41374.7996396517,853.798107255521,2452.68569755526,801.771533292608,1917.23554065381,3405.22163105102,2716.76165016979,2876.07111743266,3682.83098591549,5525.98547684363,4795.5224556548,12673.0813846154,13140.3717283994,9630.77100089366,2434.23076923077,46013.3582646756,2263.25566343042,3512.69080436124,4015.10867178924,3998.9546322126,5985.75985363975,5310.18366105818,5794.98689040377,12217.1029019049,11416.5437593985,7988.6333083592,15876.877812589,19377.146227818,14508.631226997,381.480410447761,90451.1953963055,217584.681947686,80661.6359114137,191509.957453952,4390.12144622991,2286.32299986463,0,4253.03989466017,5122.07484027989,5482.25122399021,1542.19806138934,4535.52604771691,7460.5567315834,7681.08052544079,3504.78301460623,3149.53519001235,3505.20547945205,3212.46147512864,2887.59000135851,5542.02923929633,7950.72806984953,2606.5419592396,6074.67924831869,5106.7217593225,1580.67532467532,1543.53572760035,3931.79973130318,4705.26703233256,6336.83418510091,4882.72963981831,2051.48707124011,2929.08936514355,3550.54652014652,871.925037481259,0,9938.69114581993,1122.17424242424,9380.91154507108,8778.77676135452,6997.18988441099,167.774813233725,12832.9838169643,3164.97017582907,7214.38869215533,3093.35,8389.36775702726,7659.84146480155,1752.27921961697,2462.72093023256,10306.4912819,4041.51666417576,10738.7964476813,900.328227571116,13710.5063331072,10525.89251946,5726.37527799699,2663.43829787234,15957.3524733626,11990.0249085525,3202.39548644558,7677.62351952789,10075.7019930919,12960.3391660901,7587.43188812699,72472.8825418729,61512.4721351918,437113.741884118,412559.880358172
"H4-K5[un];K8[ac];K12[ac];K16[un]",346303.927694528,165335.432565981,204864.090579996,19402.7776507236,3576.85339737722,16804.509573849,7115.40035648022,7677.41440534794,7094.42420770141,12111.5556838379,5240.68286973728,10274.1271552927,9569.17808986812,2253.2000547396,5809.5023245948,12668.8933243145,9442.95130637224,11348.0154662972,22213.5686934644,11966.7338067412,17838.0243085736,14894.667152201,31094.664375701,34691.7111798538,28613.0386614874,25251.9228144872,35968.3802950001,56041.583610165,55813.0769237984,62496.9514885118,57232.2953646687,614.630630630631,1075.44176706827,1076.64487347673,751.66440054929,589745.062267639,18465.6353618314,13359.1778759493,11752.2329459119,19708.8283937521,18323.2393128403,47078.5291682618,28486.4593251202,99250.9421121168,42840.8241256613,45677.9962510746,104765.158113631,118033.523074479,70209.9821681611,509.697037481925,369178.921995735,10379.1884506528,6603.78681108229,9020.28004340535,16612.5201256349,26824.4535531178,16940.3736909316,20825.0049008756,36937.8432058239,35641.5145315739,27943.137464723,58575.5949574498,58584.7660875982,82015.7631948045,625.16930400849,580939.248671876,264867.037479892,466322.840219761,264103.106338727,9290.06335780103,3699.99948896371,0,5488.4942174758,10268.5895943207,9917.21058599445,6314.46095880129,4721.2534397768,5153.19582860861,9523.03138764009,5364.4810319475,5816.68464949106,13113.8339024832,5545.77949034099,3292.79808951125,2108.55454848519,8076.28779570846,7055.75463717507,5163.56877999903,14232.8790448426,NA,7294.84593266991,6350.41287505269,6274.32250829304,12643.3833337228,13300.6336085366,5899.02688818309,12516.4252269762,13044.1354654197,5210.60995400367,1464.67876761584,9727.04307742132,2447.31217237734,14166.8054543431,9856.63078258456,24351.8915271685,1331.09693041847,12958.3224732366,4673.96907964774,19489.6100348756,452.949581037301,8388.62193167982,13515.3334746579,15465.090845666,803.417447146942,13627.5108181479,5621.22705147764,24472.0585525149,3919.44104803493,16688.9038297117,51758.5068066054,28141.1975090007,NA,11730.4101826673,17598.9528142536,11556.1163546132,8252.28773765846,11794.9448586099,12231.4415045672,8946.8786459672,487163.066155966,335154.049932896,629338.897621099,678246.125132471
"H4-K5[un];K8[ac];K12[un];K16[ac]",1310441.67172231,663289.382398716,776695.313690284,7539.91084792273,13524.763599877,28839.0457764649,13408.6048386819,9693.45292411889,13223.1187448399,27377.0182122314,16269.1378141281,21284.4491057949,17044.5544145206,15966.8092283444,12310.4778188652,18509.3696989512,34572.9682311176,37006.4299960112,59672.3536868048,35383.7568444277,29474.7774806927,45975.4011434187,83218.8376686528,84526.4821626348,76980.5907026968,74178.1783459844,77683.6306666831,147778.043495094,155429.447361187,156257.499061146,173163.799946833,0,NA,1733.62451721935,1339.89123422518,1347055.95766805,25724.1348121374,48939.0125040095,38030.9191368439,43236.8801478127,106202.802372477,93601.2360561184,91213.3347114895,181022.218711788,174572.406368555,156883.123818074,357433.010792227,327253.558089675,282972.705340137,NA,1344423.12759818,44239.3568321056,49321.82229665,55408.3017247377,46071.0219791961,89726.488084144,81540.0160155885,54375.3412649685,142202.778309581,170702.191588778,148736.691256544,254061.252960237,345727.257600674,275464.074133831,1123.46001689097,2021030.05417069,2270827.20958824,1576142.83772778,2083723.23474926,12070.5686882813,31729.1091949877,4123.22453208369,32933.0307569752,51039.065773906,60570.6099867126,25759.8074852152,35144.8670458731,58884.4730868865,91275.8245375803,40411.9368891552,59356.5992602726,41791.5059659829,50023.7881111861,29421.3352608542,42147.2143608324,84194.8789617739,39809.6870406985,90817.2926482194,39228.7262730416,0,21814.300734733,42886.375535266,37973.0813714364,57192.8388489242,43851.4617443837,25894.7541443712,29680.2943555016,29669.9194802328,0,1172.37065537508,97405.3681363734,6700.26984921326,61923.9317473307,105190.987910888,86800.9471164106,2188.24614623509,85105.8607773879,28008.8008386719,65979.3996114188,892.966120990082,81705.6156545068,63639.8910266244,55094.2178300561,317.127657724713,94386.4511775753,34553.2406328984,165000.571406446,541.5219395818,116398.098421603,182695.445857046,73679.7961566876,455.891857715909,143990.890507152,132613.451080464,37877.5061545147,117957.984960926,107298.831611793,98315.5785623297,85558.6776721389,1988726.61307857,1362176.31832913,5395670.99418327,5274259.82624709
"H4-K5[un];K8[ac];K12[un];K16[un]",616326.865490362,357318.440875884,391750.464817679,2789.40669198832,8843.89005837132,1398.28036227218,10794.6635705244,1277.02649803362,8804.25145314541,22372.9599998617,12160.9073854344,8842.94733838373,9331.16422750489,8532.0601221941,14478.5455934182,11180.8948422998,29279.2041195386,18664.7939033819,26361.0564188919,14268.5231376003,21604.9605727593,22077.8468342927,48062.8388140126,54529.2926757838,38572.3127113698,33927.204703016,40512.8388521239,76575.0554530945,97604.3010904527,93728.6690017835,82152.5842574476,0,0,2478.57405573631,3031.68874283272,793901.018837904,31805.2620951775,17381.1718404467,22248.0178588983,28233.1941289862,43601.864009494,61105.4312986696,52255.6125203453,141095.886081017,116557.842471169,98682.2011424493,177239.122016363,197386.099196968,148556.849092322,778.814999480505,687753.659605225,18412.1940523076,11896.6880909841,14518.3622149388,25913.503795572,51801.3439227724,49052.1045242908,36211.3736559861,63723.0153223239,67875.2766425177,84160.3679905314,148259.441682412,174448.722456903,127847.278991315,1615.30474363418,1051077.2721022,868880.873568259,1211594.5416915,881996.795181507,23078.0937990989,23674.0103117147,1193.47083752427,21283.9387304635,19645.3455208369,24087.1237779489,21204.9417507876,22389.0156044142,16853.813312442,54318.9188143099,25413.530964262,23767.7571304217,17517.1241795767,18126.2084534091,17160.8377559793,13386.0000046554,19403.7795128761,25205.7927612822,31942.6673779373,16650.5093310722,7006,18383.9559964447,20916.4377547925,8938.87623946004,28036.097805453,21125.7794595658,23316.7877343591,14421.8621631057,24077.1666548573,7743.49756097561,1242.03580567015,23065.7555786132,0,14943.9280353741,18055.4124974131,45506.9423204351,1710.62310224592,20841.899393655,13719.251497664,39244.6674598675,1784.91615307439,19531.5034590149,12641.5621658378,29765.5939388932,2247.40889012214,16301.2007177817,14426.4289683119,41214.0132432192,284.607509154456,30131.5298752873,86224.3576080906,39901.349760811,1133.5581826231,15567.747220516,33581.0199903319,16277.3214270756,17507.3274647961,16425.8337255652,22299.4240346868,26399.8536837932,942483.374413785,618188.73544869,1034786.39927382,1123891.14954479
"H4-K5[un];K8[un];K12[ac];K16[ac]",665788.415161946,330192.716144805,387423.344787493,5780.24610930148,5578.44834930777,11139,8124.9049008168,4776.38120450033,9360.85857040889,17164.1056373285,12130.4021917808,9957.62348245468,9420.5692242833,10556.1426814268,6299.65891132572,12976.9541116286,19865.7432341001,16475.3710142317,34337.5643975783,19540.3142376827,19453.7328335956,22019.6463152728,41640.3989731811,45932.9995105383,41403.8370477569,35326.7189620048,36401.1757544691,74419.3492487211,71848.4009179965,74566.176319678,82048.1306407323,1017.04896907216,1466.95178849145,1945.2780395853,3741.33521126761,640671.837169108,9727.40604274134,32499.6956922132,22102.9558866706,27825.5709848346,50298.1038879222,57236.7383152735,42838.7226264726,87954.2135077492,83838.4222764034,91637.8550411077,180392.132115032,158223.577246855,150640.129407428,1413.57868020305,540190.311909629,17971.0448833034,15860.8815682345,33998.8054842151,24897.5271092304,41596.7609554662,53361.4226661392,32203.4717031264,77175.3743796682,79381.4270613108,74611.8252873563,112936.997219524,195262.529713665,123736.204246238,2590.15365853659,1028343.91510905,993957.456752468,834848.960649404,991181.669533583,42015.0134372481,18422.7695929797,3247.00451467269,23450.4606936416,57924.6998208044,28247.7575499787,14188.216055327,19669.6003788642,31758.4334271368,48874.7495459634,17277.4699069934,25807.0281766847,27744.133958008,28777.737988333,13329.6267060125,26931.8278527358,38829.2581142747,14642.2834347755,43429.4551215325,30437.3987059005,0,13432.4692605472,24546.8864373523,14012.5016899339,29209.7631594186,21653.9243543223,18472.7613933636,16110.8340327015,18370.8238544036,1006.99584199584,1070.32214765101,37834.5221924988,1170.3661971831,30589.9072523383,44845.9093500046,40772.9420976444,1629.29032258065,43047.2336441455,11783.0573268665,32153.3288958692,2004.19419419419,33315.9535222157,32422.1964909899,24435.6793473827,1163.01546391753,44057.9325973054,17486.4229076848,78457.2540642722,588.275071633238,62103.5840849922,97940.4517560199,36595.5875875501,413.152744630072,68723.4296643549,59896.0198045947,19987.9398957375,55953.4537951273,48707.4166864387,42521.6643400031,45279.5486200162,993447.340262097,682239.956768984,2456093.62237896,2569055.185845
"H4-K5[un];K8[un];K12[ac];K16[un]",964559.09833157,544659.807494346,654782.738284938,30527.6668465441,14731.8813575665,36531.8510303556,16367.7646539957,11535.206670548,17392.0394269755,38445.3776480704,14513.793852484,17865.5412824024,10672.4179326498,16229.5128248529,21968.2764756217,24101.0978624661,45053.8798675829,30952.6759668354,54841.0050354801,41283.359039704,37040.4626185734,48544.8990028549,100791.306112734,97833.0530880342,73044.0089513884,69859.4548059389,75459.9468880804,133023.032370867,149810.198976488,156738.704363865,148297.131557482,4564,1763,8830.20243315886,918.891823869098,1130509.97517025,51749.4885902781,40797.3667989013,36144.4754269653,39999.0893919982,69768.8034625063,91172.2106278029,67377.0537998425,262911.767498165,143557.25203367,141206.073356234,322805.299862034,333974.589637079,270525.25389959,3520.78415121081,1119601.50655358,36214.235832433,25839.807385907,26719.5612847823,31885.3862069969,91923.5608608459,71197.3603055744,74106.5825572901,125345.346072837,109507.925357746,150336.329049546,268283.995987071,356562.880957754,204326.912040524,2354.77362362965,1916392.36462417,1204330.7988806,2173964.10324936,1170643.0286477,25820.2209515755,44136.3055095527,5712.62017675638,31668.0490220784,21068.0190894487,34840.5041915561,39805.9710483526,32056.9596841233,24093.310087777,70182.0537428173,43548.3872795414,37557.0379519124,32338.2899064779,28892.2624440051,35811.0635544363,18519.4456404332,25070.7763114692,41023.8259074205,33884.2173587195,22572.0702670731,0,37276.6084170242,28318.5409946622,15472.2538841067,37638.4567672519,29298.6847251716,31705.7437672489,36270.3692116941,45368.8333451427,2268.52939291437,1240.96866897424,23129.5753328022,13731.2917771883,21906.9017006909,23880.2637290371,78192.2779249385,4784.35063607494,21517.4340284837,27584.2778675667,75785.359427366,1392.20237924609,22302.3570536224,15818.2431309548,57502.5180644261,1639.0956092475,23188.294525745,35928.501470312,65394.1978634302,5068.51045449447,38408.9103447659,130690.46079002,84352.6859095632,2498.43611142993,27655.9186356838,36855.5797160901,37517.8360005827,27146.5347300621,24082.0977162801,24362.3008978845,26086.4583863563,1683233.67187249,1078583.3344023,1362905.4018343,1478597.90128711
"H4-K5[un];K8[un];K12[un];K16[ac]",3717925,2546844,2843108,99584,104729,128848,78085,75729,114899,165601,111213,109463,111203,114511,126869,105675,143055,210200,285948,203642,284593,213720,468935,381474,423758,363343,449671,778592,728369,733355,784325,7252,4423,18615,11649,5918160,106850,240862,182768,222069,350051,483416,386800,890130,802067,711796,1661201,1643531,1356004,5639,6004168,162436,198975,183223,168772,382383,322435,208587,643332,752141,683933,1188725,1525677,933570,9230,8180373,7514151,8496577,7235464,211586,13809,5973,210491,220800,6108,217869,235563,213350,530426,208821,250751,171775,195577,191269,107908,217253,213306,248693,185723,7305,223097,245921,175773,204410,164524,211347,161901,157905,19134,7343,179259,17992,226660,237089,475188,10740,226518,127224,445384,5815,234670,140965,274998,9302,215337,184417,522265,10395,184392,272540,407215,6628,198394,283382,168548,221025,192492,175075,173045,7771955,5966323,9111020,9285515
"H4-K5[un];K8[un];K12[un];K16[un]",12398782,8068926,8982219,966777,671647,1310537,643871,644349,582308,1027001,586325,626532,601093,615898,827656,681287,1117403,1242910,1614787,1223652,1242087,1367313,2612387,2447449,2114660,1999383,2192332,3386794,3801645,3760594,2987157,17065,22097,25384,12269,17432116,1053761,799494,837424,963000,1529658,2331760,2044164,3843515,3679877,3306539,6873695,6432621,5935087,8556,16761281,816776,707260,645853,743607,1779580,1858204,1387643,2641723,2730575,2572027,4839944,5136637,5098873,40871,19590570,16078500,19025510,15016992,642775,669648,63116,624235,520556,467630,736677,694881,562429,1140785,1082806,610822,647282,575403,683490,176193,538532,674323,488009,616978,17965,909515,647220,778446,694262,687623,919479,758248,755145,13798,15217,483995,82403,531586,393320,1594646,61199,459495,639649,1814892,39632,547244,238091,1230221,71140,535684,648643,1459947,56925,515675,669609,1769049,39169,362288,590115,846762,321497,377976,351195,454984,21248426,16475988,13901201,15076862
